customer_id,lon,lat,demand,scenario,instance_size,districte,barri,seccio_censal,poblacion_seccion,postal_code,codi_carrer,numpost,lletra,x_etrs89,y_etrs89
0,2.1601690882144804,41.38073587077459,1,low,200,2,10,2162,1392,11,349706,35,,429776.616,4581363.991
1,2.124940359940217,41.37859258871933,1,low,200,4,20,4038,1231,28,38604,24,,426828.496,4581155.191
2,2.1747455099095787,41.442148774629395,1,low,200,8,51,8080,1647,42,173100,28,,431060.412,4588170.276
3,2.129147308077508,41.384699959925264,2,low,200,4,19,4030,1797,28,92600,10,,427187.093,4581829.679
4,2.155333345133254,41.42569664746232,1,low,200,7,37,7075,1282,32,269800,19,,429420.936,4586359.413
5,2.1953135186589283,41.420268361782895,2,low,200,10,72,10115,1440,20,307207,56,,432756.047,4585724.953
6,2.1661808955416464,41.39870138412355,1,low,200,2,7,2060,1767,37,145003,148,,430298.497,4583353.642
7,2.165746561696112,41.40769233541104,2,low,200,6,32,6078,1347,25,356304,33,,430271.802,4584352.156
8,2.165652905948332,41.37846912735716,2,low,200,1,1,1009,2388,1,76501,37,,430232.733,4581107.912
9,2.179112439267305,41.43189162604456,1,low,200,8,45,8021,1476,16,319104,100,,431414.419,4587028.065
10,2.14065575038205,41.364352246829085,2,low,200,3,13,3039,2760,38,701248,1,,428126.939,4579561.104
11,2.1359827530110955,41.39981730535126,2,low,200,5,26,5049,1746,21,358900,23,,427775.353,4583502.266
12,2.1454690884492984,41.39924456665182,2,low,200,5,26,5074,1661,21,23403,267,,428567.712,4583430.816
13,2.1800654107879063,41.397946156644004,1,low,200,2,5,2008,1944,13,169409,762,,431458.363,4583258.72
14,2.184678407505752,41.413358373736834,1,low,200,10,64,10002,1939,26,224802,44,,431860.09,4584966.126
15,2.2095041837264793,41.42143835040754,2,low,200,10,73,10142,1736,20,150852,70,,433943.091,4585843.922
16,2.163289935041054,41.43569067385956,1,low,200,7,43,7105,1148,31,88602,20,,430096.505,4587462.488
17,2.184767915819291,41.409129717903205,2,low,200,10,64,10014,1408,26,286300,23,,431863.152,4584496.595
18,2.174701741385007,41.38015828696094,2,low,200,1,2,1029,1522,2,276001,3,,430991.18,4581288.195
19,2.1971460654248745,41.414898344623346,1,low,200,10,72,10109,1787,20,86200,124,,432903.659,4585127.358
20,2.168009186974479,41.37941061237337,1,low,200,1,1,1010,2666,1,701367,2,,430430.768,4581210.54
21,2.152792066199687,41.42281907803864,2,low,200,7,37,7077,1324,32,224405,64,,429205.463,4586042.022
22,2.1394828017476675,41.371076188096026,1,low,200,3,16,3060,1398,14,10503,56,,428036.246,4580308.557
23,2.2009038094306925,41.4204189108099,1,low,200,10,73,10131,1006,20,60807,34,,433223.36,4585737.341
24,2.1317716734496464,41.38693846587332,2,low,200,4,19,4027,1404,14,53109,28,,427409.011,4582075.993
25,2.173745021072661,41.395289732234374,1,low,200,2,7,2069,1373,9,100800,334,,430927.199,4582968.827
26,2.1826935358925312,41.443897517958376,1,low,200,8,52,8100,1349,16,89900,60,,431726.208,4588358.121
27,2.156925485562901,41.37840787488813,1,low,200,2,10,2158,1676,15,54509,72,,429502.882,4581108.174
28,2.1678061715403394,41.41490920315518,1,low,200,7,33,7015,1422,24,73900,436,,430451.647,4585151.709
29,2.18094347734641,41.413263856835826,1,low,200,10,64,10006,1900,26,90502,713,,431547.844,4584958.578
30,2.1519697761427756,41.38392900547395,1,low,200,2,9,2138,1983,15,361406,184,,429094.484,4581725.164
31,2.189728934232384,41.44084638924832,2,low,200,9,60,9037,1743,30,350705,11,,432310.745,4588013.861
32,2.1516925153587247,41.42387618762232,1,low,200,7,37,7078,1516,32,224405,25,,429114.731,4586160.281
33,2.1773141797458146,41.443797084991246,2,low,200,8,51,8075,2022,42,36700,28,,431276.733,4588351.228
34,2.1789375274505383,41.37859696851947,1,low,200,1,2,1030,2543,2,106205,3,,431343.724,4581111.496
35,2.185304046251843,41.440959283403075,2,low,200,8,52,8095,1165,16,209900,493,,431941.209,4588029.864
36,2.1786178118227806,41.43453455417621,1,low,200,8,45,8028,1079,16,117609,42,,431375.876,4587321.873
37,2.1898077096122526,41.41243075450681,2,low,200,10,65,10031,1584,26,350308,678,,432287.808,4584859.12
38,2.1499388213005624,41.37686673772897,1,low,200,2,9,2149,1872,15,184402,26,,428916.98,4580942.786
39,2.174364280932023,41.44695167982367,2,low,200,8,50,8069,1668,42,359700,51,,431033.651,4588703.796
40,2.151202200197375,41.42326190213566,2,low,200,7,37,7078,1516,32,299302,12,,429073.091,4586092.485
41,2.138035247847488,41.40925147399224,1,low,200,5,27,5094,2827,22,131202,8,,427957.348,4584547.928
42,2.158487315636266,41.38173733481922,2,low,200,2,10,2160,2083,15,169409,520,,429637.071,4581476.536
43,2.156691341315762,41.421433628378765,1,low,200,7,37,7065,1856,32,6801,32,,429529.8,4585885.03
44,2.1571097320302237,41.41921936507009,1,low,200,7,37,7064,1685,32,320307,155,,429562.37,4585638.864
45,2.132606258837793,41.38007297065319,1,low,200,3,18,3087,1551,28,172403,91,,427471.161,4581313.097
46,2.154644535660806,41.37643682354464,2,low,200,2,10,2151,1543,15,110803,23,,429310.015,4580891.209
47,2.157427747744175,41.37754516531093,2,low,200,2,10,2157,1284,15,127704,60,,429543.95,4581011.989
48,2.158390216739281,41.374366481580424,2,low,200,3,11,3001,1711,4,281806,7,,429621.006,4580658.315
49,2.1837890276248406,41.43371677882225,2,low,200,9,60,9046,1304,30,209900,442,,431807.064,4587226.998
50,2.1929455933131643,41.43264444159649,2,low,200,9,60,9023,1210,30,366104,95,,432570.975,4587100.776
51,2.1414573979823697,41.385218694915736,2,low,200,4,19,4001,1254,29,199909,90,,428216.933,4581876.998
52,2.1447361802981035,41.372448926815736,2,low,200,3,15,3054,1684,14,169409,301,,428477.086,4580456.608
53,2.1410440174076313,41.38267888861549,1,low,200,3,18,3113,1595,29,285104,130,,428179.575,4581595.375
54,2.1642643482188744,41.371383124166194,2,low,200,3,11,3023,1839,4,261004,99,,430109.037,4580322.355
55,2.1273167498088617,41.38022781730953,1,low,200,4,20,4037,2256,28,196208,8,,427029.037,4581334.728
56,2.187277246394678,41.41199534764405,1,low,200,10,65,10027,1549,26,209900,178,,432075.868,4584812.763
57,2.1767421742683473,41.40757626562986,2,low,200,2,6,2034,1202,25,73900,295,,431190.718,4584330.477
58,2.179687772014016,41.42533172206051,1,low,200,9,62,9077,1676,27,120909,28,,431455.589,4586299.334
59,2.140331309381134,41.367301259381385,1,low,200,3,14,3040,2019,38,212406,64,,428103.05,4579888.767
60,2.1762464137374278,41.44136728364624,2,low,200,8,51,8081,1747,42,239708,53,,431184.969,4588082.321
61,2.139776800946031,41.381780119597394,2,low,200,3,18,3111,1331,14,207406,161,,428072.627,4581496.646
62,2.1464070966666524,41.40899808863243,1,low,200,5,27,5090,1956,23,344305,1,,428656.793,4584512.868
63,2.1386011462648646,41.381960509247065,1,low,200,3,18,3112,1896,14,285104,51,,427974.523,4581517.649
64,2.1343177598130554,41.3605790622644,1,low,200,3,13,3027,1690,38,265504,30,,427592.66,4579147.486
65,2.2047080166107222,41.41472987573013,1,low,200,10,71,10101,1797,20,253902,240,,433535.462,4585102.824
66,2.1424543899842097,41.36934363293226,1,low,200,3,14,3041,1400,4,191601,4,,428282.855,4580113.749
67,2.144807625517906,41.394564891760105,2,low,200,5,26,5061,1518,21,264206,57,,428507.29,4582911.83
68,2.1680180963960622,41.40024933480682,1,low,200,2,7,2057,1272,37,305100,117,,430453.726,4583524.017
69,2.180572276632765,41.428567944813864,2,low,200,8,44,8017,1338,16,111704,61,,431532.898,4586657.917
70,2.170707134397771,41.41303971640199,1,low,200,7,33,7012,1599,25,192604,48,,430692.102,4584941.835
71,2.167826570978551,41.41557212012243,2,low,200,7,33,7015,1422,24,365702,94,,430454.059,4585225.289
72,2.1809730706661994,41.431226951192684,2,low,200,8,45,8020,1477,16,355709,60,,431569.179,4586952.801
73,2.1772329553955774,41.41183807059685,1,low,200,10,64,10008,1792,41,161407,215,,431236.233,4584803.228
74,2.175488187702685,41.419726417842384,2,low,200,7,35,7033,1493,41,364506,24,,431098.748,4585680.371
75,2.2120722795924728,41.417768596083256,1,low,200,10,70,10086,2121,19,165612,4,,434153.986,4585434.554
76,2.173623797357782,41.40689600376941,2,low,200,2,6,2047,1901,25,178308,330,,430929.356,4584257.437
77,2.1705372730891814,41.432493218952935,2,low,200,8,46,8041,2743,31,15802,27,,430698.593,4587101.682
78,2.1362824030790417,41.38888993928867,2,low,200,4,19,4022,1651,29,100107,91,,427788.308,4582288.874
79,2.1809325469276155,41.4216578467516,2,low,200,9,62,9082,2187,27,269403,25,,431555.744,4585890.479
80,2.152961123871945,41.391357752877155,2,low,200,2,8,2102,1385,36,223606,163,,429185.435,4582549.082
81,2.1243253637526887,41.398071779964795,1,low,200,5,23,5011,1479,17,165805,34,,426798.924,4583318.264
82,2.1977222699136383,41.422844889726775,1,low,200,10,73,10134,1635,20,700754,8,,432959.987,4586009.129
83,2.167105156756261,41.37760692730688,2,low,200,1,1,1009,2388,1,68503,42,,430353.25,4581011.024
84,2.1803647939228648,41.41871800091731,2,low,200,7,35,7042,1655,41,194406,103,,431505.211,4585564.549
85,2.2024851256691433,41.40457817611089,1,low,200,10,68,10070,1674,5,242906,284,,433339.311,4583977.503
86,2.1342131749486914,41.36728043149872,2,low,200,3,16,3065,1393,14,30602,38,,427591.342,4579891.547
87,2.124985325301533,41.37823304457935,1,low,200,4,20,4040,1686,28,38604,27,,426831.853,4581115.237
88,2.153230591894404,41.38596411559348,1,low,200,2,9,2118,1446,36,349706,131,,429202.112,4581950.068
89,2.1658942392269154,41.401609725341295,2,low,200,6,32,6068,1592,37,90502,439,,430277.643,4583676.753
90,2.1532769461661956,41.388695820625884,2,low,200,2,8,2103,1699,36,268003,143,,429208.951,4582253.3
91,2.1788559124777063,41.44030079676759,2,low,200,8,52,8085,1605,16,70709,28,,431401.841,4587961.849
92,2.1933523610854944,41.39562601917943,2,low,200,10,66,10043,3301,5,701985,5,,432566.684,4582990.715
93,2.1856891006428794,41.414898243376605,1,low,200,10,64,10001,1654,26,283200,75,,431946.166,4585136.286
94,2.1843383125331135,41.42411584994703,2,low,200,9,61,9072,1547,27,78405,12,,431842.915,4586160.678
95,2.184917540373601,41.41691158820765,1,low,200,9,63,9088,2002,27,226400,312,,431883.788,4585360.412
96,2.145783623039707,41.405335706745056,2,low,200,5,27,5085,1355,6,353408,79,,428600.673,4584106.788
97,2.138298863201763,41.37614829146516,2,low,200,3,18,3105,1184,14,369601,15,,427942.832,4580872.637
98,2.2013175851276157,41.40200701272108,1,low,200,10,68,10063,1332,5,270901,192,,433239.089,4583692.955
99,2.180063832582718,41.41633836254036,2,low,200,7,35,7035,1855,41,363605,3,,431477.559,4585300.602
100,2.179207098538943,41.408502758586884,1,low,200,2,6,2038,1543,25,268003,533,,431397.717,4584431.38
101,2.1878104070766584,41.44308821286446,2,low,200,9,60,9033,3365,30,296202,483,,432152.807,4588264.249
102,2.1600671822601356,41.40279266770452,1,low,200,6,31,6054,1574,12,344101,203,,429791.832,4583812.788
103,2.1762600093859916,41.424324894956165,1,low,200,7,35,7046,1405,41,365702,280,,431168.103,4586190.276
104,2.15791497064043,41.398940836844474,2,low,200,6,31,6048,1402,12,309701,16,,429607.775,4583386.909
105,2.1250879798424234,41.39223749752677,2,low,200,5,23,5017,1554,34,62507,43,,426856.134,4582669.905
106,2.1635337771246723,41.37858769316496,1,low,200,1,1,1011,3772,1,308709,78,,430055.659,4581122.783
107,2.172416241661415,41.39939407696914,2,low,200,2,7,2061,1384,13,350308,374,,430820.468,4583425.546
108,2.147127404535965,41.394439863974085,2,low,200,5,26,5065,1772,21,344101,26,,428701.085,4582896.038
109,2.1880348611833353,41.43970786677563,2,low,200,9,60,9035,1612,30,149809,14,,432168.037,4587888.789
110,2.1618278753683358,41.42373596326315,2,low,200,7,36,7056,1260,32,136501,25,,429961.507,4586136.466
111,2.1643402802952014,41.37201089714794,1,low,200,3,11,3013,1792,4,261004,74,,430116.059,4580391.988
112,2.1581045105372194,41.381452185039876,2,low,200,2,10,2160,2083,15,169409,512,,429604.755,4581445.19
113,2.1895258911497657,41.38325876490587,2,low,200,1,3,1042,1844,3,257506,2,,432233.958,4581620.707
114,2.1346511679129834,41.40166906308656,2,low,200,5,25,5048,1283,22,169500,12,,427666.096,4583708.957
115,2.15535069133798,41.39589301092868,2,low,200,5,26,5068,1730,6,28000,1,,429390.119,4583050.63
116,2.126171303190355,41.375449412619254,2,low,200,3,17,3079,1853,28,68401,2,,426927.909,4580805.202
117,2.128252819149384,41.376704896017465,2,low,200,3,17,3084,1455,28,173202,16,,427103.375,4580942.831
118,2.166674065421021,41.40219426922661,2,low,200,6,32,6068,1592,37,90502,447,,430343.453,4583741.021
119,2.166339567583743,41.379074563672795,2,low,200,1,1,1011,3772,1,76501,14,,430290.798,4581174.574
120,2.163198839612137,41.39247099402425,2,low,200,2,7,2081,2268,7,350308,270,,430042.535,4582664.356
121,2.180288356921243,41.43871884075526,2,low,200,8,45,8030,1492,16,156702,56,,431519.845,4587785.087
122,2.21070425717284,41.41705169074419,1,low,200,10,70,10089,7337,19,27903,14,,434038.936,4585356.005
123,2.142530454756423,41.36891799945629,1,low,200,3,14,3041,1400,4,301608,92,,428288.749,4580066.433
124,2.1948806300508426,41.42923407008902,2,low,200,9,60,9019,2618,30,701507,9,,432729.127,4586720.654
125,2.136481199877414,41.40685703898159,1,low,200,5,25,5039,1562,22,334108,31,,427824.81,4584283.394
126,2.1724834840852,41.39393844956516,2,low,200,2,7,2072,1264,9,145003,54,,430820.304,4582819.816
127,2.165101935977699,41.44513609231412,2,low,200,8,49,8064,1811,33,12305,160,,430258.005,4588509.652
128,2.156617554829004,41.373186073314464,1,low,200,3,11,3003,1618,4,149503,8,,429471.492,4580528.709
129,2.1452433180726094,41.374779374521424,1,low,200,3,15,3053,2278,14,310700,31,,428522.048,4580714.912
130,2.160651901197699,41.40050395318816,1,low,200,6,31,6056,1702,12,133809,24,,429838.246,4583558.224
131,2.166301159165635,41.40859119427632,1,low,200,6,32,6078,1347,25,76807,445,,430319.117,4584451.5
132,2.142884625328137,41.38464299155904,2,low,200,2,9,2125,1689,29,162002,52,,428335.633,4581811.903
133,2.1869672887922107,41.426452374875204,2,low,200,9,61,9156,1267,27,250609,9,,432065.031,4586418.011
134,2.1937946133618196,41.43031238501437,1,low,200,9,60,9018,1450,30,366104,28,,432639.5,4586841.212
135,2.1577992163474407,41.38330082400976,1,low,200,2,8,2095,1513,11,100800,156,,429581.222,4581650.671
136,2.1662652268409968,41.38587984354578,1,low,200,2,7,2077,1843,1,250904,7,,430291.85,4581930.145
137,2.140048055629005,41.38405117453079,2,low,200,4,19,4003,1071,29,227800,65,,428097.81,4581748.55
138,2.1913748140709455,41.436919468302186,2,low,200,9,60,9027,1308,30,339101,16,,432444.169,4587576.611
139,2.196368245200898,41.39608637389937,1,low,200,10,67,10052,2435,5,29206,55,,432819.279,4583039.48
140,2.1375165628053443,41.362626589170674,2,low,200,3,13,3212,2612,38,369408,226,,427862.478,4579372.132
141,2.1496793185367458,41.420957287300936,1,low,200,7,38,7083,1416,32,230000,91,,428943.323,4585837.877
142,2.1721793644808822,41.40461077132545,2,low,200,2,6,2048,1414,25,289105,417,,430806.201,4584004.886
143,2.1855236254596466,41.43178103244796,1,low,200,9,60,9050,1574,30,168100,1,,431949.966,4587010.728
144,2.153613762796611,41.424454456704865,2,low,200,7,37,7079,1573,32,40800,34,,429275.901,4586222.909
145,2.1484948598538898,41.41166374553795,2,low,200,6,28,6003,2460,23,279407,32,,428834.199,4584807.089
146,2.155395863728096,41.384332195848636,1,low,200,2,9,2139,1743,11,349706,105,,429381.385,4581767.128
147,2.178877388127684,41.423736296105155,2,low,200,9,62,9078,1545,27,140407,228,,431386.194,4586122.853
148,2.176725692493853,41.415599574134475,2,low,200,7,35,7040,1586,41,126803,33,,431197.807,4585221.229
149,2.175603834696798,41.44066121793959,1,low,200,8,51,8081,1747,42,239708,25,,431130.542,4588004.445
150,2.165045648498711,41.38035753608393,1,low,200,1,1,1013,1472,1,282106,45,,430183.974,4581318.049
151,2.1586793117445198,41.40267316775937,1,low,200,6,31,6054,1574,12,274800,27,,429675.693,4583800.647
152,2.1608023630519435,41.41743641852496,2,low,200,7,34,7023,1404,24,247309,58,,429869.036,4585437.926
153,2.1454467916485878,41.3811703233183,1,low,200,2,9,2133,874,15,287201,28,,428546.059,4581424.257
154,2.2063192627185395,41.42017697693402,1,low,200,10,73,10125,1112,20,701238,3,,433675.661,4585706.32
155,2.17802282709051,41.39999139855675,2,low,200,2,5,2020,1713,13,76807,258,,431289.768,4583487.398
156,2.1569787354848384,41.40176426834699,2,low,200,6,31,6050,1274,12,326904,7,,429532.562,4583701.124
157,2.17802282709051,41.39999139855675,2,low,200,2,5,2020,1713,13,76807,260,,431289.768,4583487.398
158,2.1290960954063496,41.38283742405205,1,low,200,4,19,4034,1391,28,343903,200,,427180.733,4581622.946
159,2.189784505739627,41.41979285720936,2,low,200,9,61,9065,2109,27,156509,29,,432293.515,4585676.471
160,2.206085006123917,41.43695072280788,1,low,200,9,59,9011,1988,30,81002,44,,433673.16,4587568.706
161,2.1417989511918907,41.375176568740685,1,low,200,3,15,3051,1849,14,94809,125,,428234.451,4580761.854
162,2.160368155851464,41.3727110882556,2,low,200,3,11,3007,1684,4,189202,67,,429784.631,4580472.932
163,2.1441321022552238,41.38465400665533,2,low,200,2,9,2124,1148,29,110803,192,,428439.949,4581812.095
164,2.1399670014828143,41.40326402620857,2,low,200,5,26,5078,2121,6,155608,31,,428112.205,4583881.603
165,2.1631420104824355,41.40681724161616,1,low,200,6,32,6082,3330,24,144306,21,,430053.169,4584257.104
166,2.1642901795813954,41.435106705468236,2,low,200,8,47,8049,1167,31,363004,96,,430179.446,4587396.849
167,2.1571899813308852,41.38844773957094,1,low,200,2,8,2089,1847,11,223606,92,,429535.839,4582222.569
168,2.186448018551604,41.41701157679077,1,low,200,9,63,9088,2002,27,169908,27,,432011.795,4585370.31
169,2.185156844463227,41.39786462559311,1,low,200,2,5,2012,1571,13,178308,135,,431883.895,4583245.653
170,2.1715352342785232,41.37984038284007,2,low,200,1,1,1006,1845,1,175208,15,,430726.067,4581255.428
171,2.147479037871704,41.38184609007709,1,low,200,2,9,2134,1515,15,110803,137,,428716.726,4581497.606
172,2.1305683421197767,41.37434239473248,2,low,200,3,17,3073,1631,28,30602,155,,427294.373,4580678.605
173,2.178849328012208,41.44367830141265,1,low,200,8,52,8088,1334,16,174307,130,,431404.848,4588336.823
174,2.1444763777805598,41.38545826199687,2,low,200,2,9,2125,1689,29,90502,79,,428469.616,4581901.098
175,2.172498845891361,41.38096371786835,2,low,200,1,1,1006,1845,1,157909,21,,430807.833,4581379.369
176,2.1653113347565784,41.384525863430035,2,low,200,1,1,1021,2259,1,341602,12,,430210.647,4581780.596
177,2.1424679829381517,41.35809364284389,1,low,200,3,13,3031,2534,38,230601,241,,428271.638,4578864.785
178,2.1804693439735665,41.42330084144961,1,low,200,9,62,9080,1379,27,133300,38,,431518.763,4586073.249
179,2.1426527673621827,41.38850056513598,2,low,200,4,19,4018,1565,29,142708,23,,428320.484,4582240.357
180,2.1859325735250206,41.43711460352208,1,low,200,9,60,9041,1431,30,32404,84,,431989.702,4587602.536
181,2.122742452348176,41.39445655778216,2,low,200,5,23,5014,1573,34,282809,32,,426662.537,4582918.245
182,2.1202134061883795,41.399050212857375,1,low,200,5,23,5009,1614,34,67602,6,,426456.289,4583430.371
183,2.182044905561277,41.427979411026584,2,low,200,8,44,8017,1338,16,315409,20,,431655.327,4586591.415
184,2.1870752454876206,41.43072771411333,1,low,200,9,60,9051,1281,30,176404,47,,432078.508,4586892.571
185,2.17237583940697,41.461112025630904,1,low,200,8,55,8110,2092,33,3701,140,,430882.587,4590277.46
186,2.1874284901552636,41.41343122584381,1,low,200,10,65,10028,1808,26,257608,6,,432090.004,4584972.054
187,2.200981040822243,41.43698311313765,2,low,200,9,59,9010,1807,30,80101,10,,433246.784,4587576.225
188,2.154130135087217,41.40500982532294,2,low,200,6,31,6036,1501,12,208001,194,,429297.966,4584063.763
189,2.1652833448895845,41.38037106046475,1,low,200,1,1,1013,1472,1,282106,43,,430203.864,4581319.359
190,2.1226846299128015,41.37787225007574,1,low,200,4,20,4041,1375,28,257007,29,,426639.063,4581077.127
191,2.1886695926345516,41.39700025565158,1,low,200,10,66,10043,3301,18,369204,102,,432176.644,4583146.936
192,2.1641328383737544,41.41560046023437,2,low,200,7,34,7025,1536,24,35209,3,,430145.396,4585231.408
193,2.178992290516248,41.42545160427032,1,low,200,9,62,9078,1545,27,75203,27,,431397.601,4586313.194
194,2.1653315950423417,41.40509907181537,1,low,200,6,32,6066,1006,25,149605,89,,430234.344,4584064.589
195,2.1384079202875803,41.420221630392334,2,low,200,6,28,6009,1389,35,226502,8,,428000.612,4585765.515
196,2.1685853541497373,41.394740416314136,2,low,200,2,7,2070,1248,9,18505,312,,430495.275,4582911.969
197,2.1450760075265114,41.40573391375123,2,low,200,5,27,5089,1823,23,143904,225,,428541.963,4584151.58
198,2.2061865119216564,41.42473575776042,2,low,200,10,73,10138,3322,20,701882,20,,433669.207,4586212.533
199,2.1999523512050647,41.40192822404325,2,low,200,10,68,10064,1745,5,346800,89,,433124.889,4583685.261
