customer_id,codi_carrer,numpost,lletra,districte,barri,seccio_censal,poblacion_seccion,postal_code,lon,lat,x_etrs89,y_etrs89
0,701485,26,,3,12,3025,3174,40,2.1136148505161776,41.334186225912575,425831.063,4576234.905
1,213307,57,,3,11,3024,2031,38,2.1673842733624453,41.37003770358623,430368.518,4580170.478
2,328808,104,,3,17,3071,1422,28,2.1303021479272095,41.371622706078725,427269.083,4580376.893
3,6801,48,,7,37,7065,1856,32,2.1568284938475566,41.4210116796082,429540.805,4585838.074
4,6801,64,,7,37,7065,1856,32,2.1570106228076,41.42049197802133,429555.463,4585780.229
5,176506,19,,9,60,9038,1751,30,2.1898544162313986,41.439178708721315,432319.495,4587828.618
6,89004,482,,2,5,2020,1713,13,2.177997542643066,41.400145741466574,431287.817,4583504.553
7,50905,4,,3,17,3078,1754,28,2.1271541944810535,41.37512021652511,427009.734,4580767.827
8,32700,381,,5,25,5038,1450,22,2.1397788987232342,41.40486423026391,428098.246,4584059.412
9,297001,508,,9,61,9066,1468,27,2.1884829587982404,41.42154802996353,432186.575,4585872.347
10,297001,226,,2,6,2040,1783,25,2.174818509014889,41.41141459589421,431033.993,4584758.134
11,174307,120,,8,52,8088,1334,16,2.1787099639135867,41.443353570607584,431392.864,4588300.882
12,209900,424,,9,60,9048,1345,30,2.1835532791927674,41.43290157167342,431786.514,4587136.68
13,48109,3,,1,4,1050,1593,3,2.1769215728988818,41.387788196387554,431184.842,4582133.49
14,205900,12,,5,27,5081,1621,6,2.148461160544418,41.40189124230258,428820.717,4583722.184
15,49509,80,,2,7,2071,1695,9,2.17013912076305,41.394001065250805,430624.382,4582828.642
16,264501,4,,1,2,1027,1622,2,2.1770194950878756,41.381377274352666,431186.27,4581421.682
17,319603,66,,3,18,3101,6718,14,2.1377764704551745,41.37448849000422,427897.315,4580688.803
18,293306,43,,1,3,1035,1151,3,2.1915419013651753,41.37891184514216,432398.022,4581136.545
19,71600,133,,2,5,2008,1944,13,2.180704878967339,41.39701060829666,431510.837,4583154.351
20,240208,64,,5,27,5085,1355,6,2.1450522928717275,41.40517189626661,428539.365,4584089.205
21,197302,102,,10,66,10044,1623,18,2.188007618694266,41.394290227475246,432118.486,4582846.591
22,330504,35,,3,11,3014,1875,4,2.1642588468178703,41.373173196064926,430110.493,4580521.09
23,110100,16,,3,18,3107,1857,14,2.140224613486322,41.38167924062285,428109.96,4581485.075
24,151200,36,,3,18,3103,1140,14,2.139608557807494,41.37324514056297,428049.153,4580549.246
25,219100,16,,4,19,4014,757,29,2.1395355967369163,41.38721808397187,428058.453,4582100.561
26,60002,9,,7,36,7055,1226,32,2.1624979506594686,41.425836354506956,430019.755,4586369.108
27,137300,42,,3,13,3033,1547,38,2.1400960349476614,41.36100516963649,428076.44,4579189.982
28,30602,34,,3,16,3065,1393,14,2.134348554440023,41.36709339075703,427602.457,4579870.669
29,700809,1,,4,19,4027,1404,14,2.1322326761466526,41.38899558104459,427449.842,4582303.985
30,325005,105,,2,5,2005,4045,13,2.1808024196805813,41.395895048425814,431517.82,4583030.426
31,294207,45,,3,11,3014,1875,4,2.1655777714402844,41.37278010395659,430220.37,4580476.387
32,257608,6,,10,65,10028,1808,26,2.1874284901552636,41.41343122584381,432090.004,4584972.054
33,208205,94,,10,73,10132,1246,20,2.200557026137849,41.42180369659896,433195.8,4585891.346
34,69109,42,,8,44,8010,1141,31,2.1723351316822543,41.427904417013366,430843.935,4586590.799
35,134404,45,,5,26,5052,1424,21,2.1397715788571223,41.39936343434492,428091.57,4583448.726
36,351107,20,,7,34,7020,1725,24,2.1624050623333173,41.414834870437105,430000.18,4585147.808
37,289105,41,,2,9,2124,1148,29,2.145119224787817,41.38423199290987,428522.022,4581764.429
38,307309,9,,7,36,7053,1449,32,2.1710969359959296,41.425615284388314,430738.043,4586337.651
39,212406,14,,3,13,3212,2612,38,2.137537462878636,41.364200182468494,427865.964,4579546.812
40,95608,77,,5,27,5091,1557,23,2.143993185664015,41.4108176146288,428457.033,4584716.861
41,250904,7,,2,7,2077,1843,1,2.1662652268409968,41.38587984354578,430291.85,4581930.145
42,178909,45,,6,31,6056,1702,12,2.1623412293512763,41.40056308541404,429979.523,4583563.422
43,112401,7,,1,2,1029,1522,2,2.1763213924335485,41.380284080519246,431126.744,4581300.872
44,161407,116,,2,6,2045,1214,25,2.171824532952208,41.407468309559064,430779.575,4584322.41
45,300004,9,,3,14,3046,1521,4,2.1470398722133432,41.37235460280398,428669.635,4580444.238
46,152905,253,,7,35,7044,1365,41,2.17730074879826,41.423504646879664,431254.203,4586098.386
47,364506,16,,7,35,7033,1493,41,2.1758603486347927,41.41933616085721,431129.436,4585636.749
48,319104,100,,8,45,8021,1476,16,2.179112439267305,41.43189162604456,431414.419,4587028.065
49,252455,6,,7,39,7089,1433,35,2.1412366435225603,41.42434979807239,428241.543,4586221.473
50,245405,32,,9,60,9016,1261,30,2.1938133939417717,41.433138792877756,432643.991,4587154.983
51,50100,44,,7,35,7028,1532,41,2.170139957753988,41.41847226350525,430650.479,4585545.405
52,310008,72,,7,35,7039,1650,41,2.17676026360483,41.41461008975194,431199.652,4585111.35
53,356304,62,,6,32,6079,1180,25,2.164628570868415,41.40881334669421,430179.558,4584477.51
54,11404,15,,9,63,9085,1785,41,2.1812874713263946,41.417375098988806,431580.908,4585414.732
55,43900,22,,9,63,9095,2278,27,2.188115507736634,41.415807086237436,432149.894,4585235.281
56,120807,450,,8,52,8097,1367,16,2.185576468889818,41.44648779195877,431969.742,4588643.422
57,344101,222,,6,32,6064,1926,24,2.162255113800071,41.40400526339094,429976.02,4583945.638
58,103900,1,,9,63,9088,2002,27,2.1853363488609476,41.41699584694731,431918.876,4585369.437
59,250609,3,,9,61,9055,1871,27,2.1865363472033317,41.425931462939715,432028.479,4586360.518
60,147508,86,,6,28,6007,2012,23,2.139697378068615,41.413661971152244,428101.133,4585036.196
61,212304,50,,8,50,8068,2039,42,2.1750053924703967,41.447701733507024,431087.998,4588786.556
62,305100,179,,6,32,6064,1926,37,2.1642529356665894,41.403096813748164,430142.039,4583843.17
63,328808,100,,3,17,3071,1422,28,2.1303021479272095,41.371622706078725,427269.083,4580376.893
64,268003,481,,2,6,2034,1202,25,2.176770309604842,41.406342613025025,431191.768,4584193.496
65,312604,41,,7,38,7081,1948,32,2.1501437356486544,41.42380322715277,428985.233,4586153.45
66,127205,4,,8,52,8097,1367,16,2.186057081696451,41.44421210769204,432007.513,4588390.399
67,202504,7,,7,35,7047,1567,32,2.1754409982804215,41.42514438990924,431100.532,4586281.907
68,300106,1,,3,17,3075,1764,28,2.1285861583130874,41.37350861744853,427127.682,4580587.705
69,52605,48,,4,19,4005,1217,14,2.1364907523512,41.38306732397128,427799.286,4581642.282
70,285104,51,,3,18,3112,1896,14,2.1386011462648646,41.381960509247065,427974.523,4581517.649
71,3600,36,,7,37,7070,1483,32,2.157940687780776,41.4233989820594,429636.323,4586102.206
72,43502,27,,3,11,3022,1442,4,2.1685030083640435,41.372092845231634,430464.267,4580397.738
73,353408,78,,5,27,5084,1396,6,2.146090803420509,41.40525092071385,428626.256,4584097.122
74,155700,5,,5,26,5078,2121,6,2.1402713075768145,41.4030540482766,428137.41,4583858.039
75,54509,166,,2,9,2138,1983,15,2.1515773945498275,41.38280479492458,429060.454,4581600.677
76,187207,153,,4,19,4035,1343,28,2.1308670585367504,41.38045658289712,427326.16,4581357.142
77,172403,91,,3,18,3087,1551,28,2.132606258837793,41.38007297065319,427471.161,4581313.097
78,249304,205,,10,68,10068,1610,18,2.1995420902946785,41.40521973535958,433093.972,4584050.997
79,244800,27,,10,71,10102,2663,20,2.2075764931088373,41.41728976779675,433777.79,4585384.823
80,89004,446,,2,5,2017,1978,13,2.175853289192799,41.398576132358166,431106.917,4583332.0
81,285807,241,,2,9,2124,1148,29,2.145132911771523,41.38532278659953,428524.361,4581885.516
82,701913,4,,9,57,9001,2835,33,2.192029355896482,41.45388750298063,432516.437,4589459.883
83,286300,82,,10,64,10020,1507,26,2.1834438425852163,41.410163151321306,431753.567,4584612.368
84,222603,69,,3,15,3051,1849,14,2.1424416221140548,41.374277311133866,428287.206,4580661.488
85,191204,406,,2,6,2051,1906,13,2.174688602629069,41.402803286544774,431014.027,4583802.22
86,94809,117,,3,15,3051,1849,14,2.1421272017038535,41.375168711794295,428261.892,4580760.71
87,89004,463,,2,5,2018,1851,13,2.1757613360808903,41.39878037616484,431099.446,4583354.748
88,35800,25,,9,60,9034,1467,30,2.186925391989728,41.44094052535059,432076.636,4588026.508
89,169409,234,,3,14,3043,1628,4,2.1429277207076014,41.37003568587108,428323.2,4580190.188
90,166502,7,,8,45,8033,1518,16,2.1745665962672414,41.43704122319347,431040.059,4587603.381
91,54000,1,,8,46,8045,1894,31,2.1672031566330943,41.43099407275466,430418.425,4586937.922
92,127205,38,,8,52,8098,1342,16,2.1841925816655983,41.44488280714624,431852.463,4588466.326
93,234453,1,,6,32,6086,1009,24,2.1605391614022516,41.41102199300929,429840.138,4584726.016
94,130709,17,,5,23,5015,1591,34,2.1237095766252705,41.39546026334873,426744.515,4583028.857
95,312400,2,,3,15,3050,1695,14,2.1407255214264223,41.375409653272285,428144.943,4580788.62
96,268003,533,,2,6,2038,1543,25,2.179207098538943,41.408502758586884,431397.717,4584431.38
97,89004,593,,10,65,10041,1620,13,2.184569524391814,41.40541490467453,431842.688,4584084.337
98,86200,84,,10,72,10107,1524,18,2.1951729540704914,41.41307389392156,432736.878,4584926.34
99,279203,14,,9,60,9046,1304,30,2.185009059672391,41.43364566747213,431908.922,4587218.143
100,267306,1,,1,1,1012,2139,1,2.163787887843165,41.37905015772864,430077.403,4581173.92
101,160903,4,,3,16,3064,2171,14,2.1345592506084397,41.36454762722001,427617.257,4579587.867
102,168009,16,,10,68,10071,1719,5,2.2050236714998324,41.40275802590167,433549.644,4583773.482
103,131100,56,,9,57,9002,2313,33,2.1917014337641976,41.4520802392458,432487.174,4589259.497
104,205105,6,,10,70,10087,1960,20,2.2111456347522602,41.42051070543458,434079.32,4585739.685
105,191703,31,,5,25,5047,1233,22,2.1338237706847187,41.403066508295,427598.485,4583864.791
106,140804,18,,8,50,8072,1235,42,2.1720290347009232,41.445878847492466,430837.444,4588586.554
107,14107,52,,8,44,8008,1640,31,2.172165215401973,41.42756957656246,430829.382,4586553.761
108,45950,8,,8,48,8050,1368,42,2.1692052192497684,41.43540842138095,430590.405,4587426.393
109,268003,278,,2,7,2081,2268,8,2.160588309399649,41.39391778722717,429825.846,4582827.088
110,291005,48,,10,64,10002,1939,26,2.1838996783732383,41.414502890768986,431796.205,4585093.802
111,25409,2,,8,44,8015,1531,16,2.179745937977434,41.42912810219228,431464.442,4586720.759
112,97807,158,,7,37,7080,1770,32,2.1533554681710503,41.42539809496573,429255.342,4586327.882
113,138802,161,,3,18,3088,1394,28,2.133553535741831,41.38036921253721,427550.699,4581345.193
114,61504,26,,8,52,8088,1334,16,2.179286585491225,41.44299449740453,431440.655,4588260.561
115,322404,63,,8,45,8035,7056,16,2.175232604791994,41.43537111217971,431093.934,4587417.436
116,152905,210,,7,35,7044,1365,41,2.177362700165026,41.42207122866498,431257.868,4585939.2
117,158504,38,,10,72,10112,1489,20,2.1944868218331175,41.415963590390035,432682.518,4585247.684
118,293805,7,,6,31,6033,1346,24,2.1574161373909138,41.40633402205495,429574.059,4584208.097
119,195806,59,,7,36,7056,1260,32,2.1611631256467194,41.4229341118633,429905.097,4586047.983
120,125006,41,,4,19,4033,1171,28,2.131121451967922,41.382073154008324,427349.231,4581536.398
121,209900,569,,8,52,8097,1367,16,2.186299253245717,41.44604706634531,432029.658,4588593.925
122,282106,43,,1,1,1013,1472,1,2.1652833448895845,41.38037106046475,430203.864,4581319.359
123,266802,2,,10,72,10109,1787,20,2.1988858507225446,41.41531703353963,433049.488,4585172.494
124,310008,134,,7,35,7040,1586,41,2.174531361987867,41.41629691824715,431015.16,4585300.393
125,201104,136,,6,32,6084,1499,24,2.1614433799141124,41.41003501771496,429914.65,4584615.711
126,302203,97,,5,25,5040,1478,22,2.1352664247161397,41.40613891021868,427722.479,4584204.681
127,110803,113,,2,9,2135,2079,15,2.148774707137641,41.380868485883326,428823.998,4581388.009
128,166900,1,,7,39,7089,1433,35,2.139818590035464,41.42057667623599,428118.888,4585803.76
129,223606,467,,5,26,5050,1762,21,2.138728759589625,41.402079197870044,428007.395,4583751.093
130,245802,132,,2,8,2105,2195,36,2.1497318765352045,41.39085533970911,428914.912,4582495.949
131,168701,15,,5,23,5013,1667,34,2.1212163038376857,41.396908557429065,426537.713,4583191.756
132,167550,3,,5,26,5057,1684,21,2.141022773279505,41.39248933132679,428188.595,4582684.534
133,120308,15,,5,23,5018,1305,34,2.12538995647185,41.392840800029674,426882.056,4582736.628
134,95700,2,,5,27,5091,1557,23,2.1455509773506365,41.41037233556695,428586.743,4584666.141
135,147508,59,,6,28,6008,2123,23,2.1392784339271858,41.413833402280254,428066.309,4585055.576
136,119003,228,,8,45,8024,1403,16,2.1770778086145937,41.43040558862947,431242.855,4586864.7
137,180401,238,,10,65,10035,1911,18,2.195165575211833,41.410914848506664,432734.034,4584686.651
138,253902,74,,10,71,10097,1574,18,2.19574081654406,41.40799624885363,432779.103,4584362.185
139,362001,72,,2,9,2148,1601,15,2.1503090518670867,41.37878944291849,428950.032,4581155.938
140,158107,10,,6,28,6002,1595,23,2.149452975109711,41.40824719249771,428910.551,4584427.0
141,218402,11,,4,21,4056,1977,34,2.109660694610576,41.39501157527169,425569.543,4582991.018
142,7407,145,,3,18,3110,1439,14,2.134750229727652,41.380223549377334,427650.602,4581328.022
143,327204,3,,6,29,6014,1488,23,2.147578211385293,41.417073369980265,428763.499,4585408.414
144,2210,57,,6,28,6009,1389,35,2.1347239583537196,41.41981609257871,427692.307,4585723.562
145,341908,23,,6,31,6054,1574,12,2.1588876069181984,41.40329274813951,429693.772,4583869.263
146,325005,242,,2,5,2019,1989,13,2.175999591535192,41.399815818710415,431120.456,4583469.512
147,268003,105,,2,9,2117,1223,29,2.150727525996154,41.38677825891766,428993.716,4582042.501
148,289105,98,,2,9,2117,1223,29,2.1499381279687078,41.38761374872592,428928.625,4582135.903
149,361406,184,,2,9,2138,1983,15,2.1519697761427756,41.38392900547395,429094.484,4581725.164
150,701326,61,,9,60,9054,1109,30,2.185440426883257,41.429512286859584,431940.645,4586758.919
151,234500,47,,3,11,3004,1544,4,2.15550502673583,41.37355577973481,429378.855,4580570.659
152,177203,5,,10,68,10065,1649,5,2.201281210332294,41.402851645337584,433236.913,4583786.753
153,237804,44,,6,30,6018,1401,24,2.153056624576725,41.416472156762666,429220.679,4585337.176
154,194406,21,,10,64,10006,1900,26,2.180782177432901,41.414128218487434,431535.271,4585054.666
155,168905,29,,9,62,9081,1810,27,2.1828968950920262,41.422538476772885,431720.816,4585986.695
156,104006,2,,9,61,9067,1496,27,2.187992005496719,41.42220244388995,432146.23,4585945.384
157,72001,31,,5,27,5094,2827,22,2.139483746766204,41.40752688386772,428076.512,4584355.262
158,207202,42,,4,20,4084,1435,28,2.1264200190186733,41.38411625452329,426958.406,4581767.172
159,84703,30,,4,20,4036,1806,28,2.1258632407305913,41.38056981576501,426907.881,4581373.921
160,357500,24,,10,73,10138,3322,20,2.2074297873497866,41.425009806534,433773.374,4586242.006
161,145003,32,,2,7,2073,1800,10,2.1743229128370505,41.3925507721637,430972.612,4582664.291
162,341908,39,,6,31,6053,1547,12,2.1582206062341323,41.40392885155011,429638.705,4583940.424
163,365000,124,,3,18,3088,1394,28,2.133169091647654,41.37980204155277,427517.923,4581282.548
164,27700,1,,1,3,1037,1304,3,2.1891371338345484,41.38161578302309,432199.746,4581438.61
165,108007,53,,3,11,3011,1823,4,2.1612617823056417,41.37376817142967,429860.498,4580589.564
166,246703,12,,3,15,3047,1799,14,2.1453388067297725,41.37584342171322,428531.198,4580832.962
167,194406,51,,7,35,7035,1855,41,2.180259587093206,41.41605245524186,431493.618,4585268.706
168,100800,315,,2,7,2071,1695,9,2.170437578146634,41.39308755993152,430648.362,4582726.987
169,336103,6,,1,4,1054,1234,3,2.1812482560258597,41.38797947053053,431546.787,4582151.298
170,173508,34,,9,60,9027,1308,30,2.1925391888072685,41.437648188033805,432542.201,4587656.605
171,210808,8,,3,18,3109,1578,14,2.1353945886383556,41.37825993608912,427702.307,4581109.487
172,700731,4,,10,72,10122,1451,20,2.202337987953584,41.41592679360214,433338.615,4585237.526
173,23800,1,,3,17,3081,2038,28,2.12509255387129,41.37590633664937,426838.212,4580856.839
174,32700,296,,5,27,5080,1391,6,2.146147768697211,41.40212239773722,428627.594,4583749.75
175,213704,42,,9,57,9003,2302,33,2.189586485200748,41.45184239815059,432310.275,4589234.744
176,120807,207,,8,50,8074,1659,42,2.1761941464178376,41.44550731680548,431184.977,4588541.987
177,127704,95,,2,10,2162,1392,15,2.1602083433244785,41.379915617391994,429779.016,4581272.896
178,196208,25,,4,20,4036,1806,28,2.1281260914421667,41.381013759636225,427097.59,4581421.301
179,152508,20,,5,27,5082,1701,6,2.148814179005533,41.40272846065172,428851.139,4583814.841
180,196900,133,,5,26,5066,1386,21,2.1470843361522496,41.39666375548461,428699.915,4583142.967
181,367300,323,,9,63,9095,2278,27,2.1893918057590547,41.41497311234704,432255.69,4585141.695
182,8206,61,,8,45,8024,1403,16,2.1757595979650346,41.43145267095633,431133.821,4586981.994
183,108903,72,,8,45,8023,1477,16,2.1782258469339864,41.43157171115463,431340.006,4586993.251
184,289207,18,,3,18,3101,6718,14,2.1374483739993893,41.37309366642638,427868.337,4580534.225
185,89004,395,,2,7,2070,1248,9,2.1705317769057415,41.39486198700937,430658.123,4582923.906
186,200101,28,,7,35,7049,1208,32,2.174065633094201,41.42482367689378,430985.267,4586247.397
187,366002,70,,6,30,6024,1753,24,2.158907901869773,41.41257147903157,429705.471,4584899.361
188,248301,62,,8,55,8114,2029,33,2.175782433983906,41.46278996447231,431168.859,4590461.029
189,224100,34,,9,63,9094,2039,27,2.1897612197043865,41.41547378274494,432287.083,4585196.99
190,56606,7,,7,33,7019,1657,24,2.1621454566308227,41.413323752028795,429976.861,4584980.255
191,216509,56,,9,61,9059,1447,27,2.1904887199743537,41.42478610209959,432357.546,4586230.266
192,12305,297,,8,54,8109,965,33,2.1761028393001958,41.45075820415339,431182.899,4589125.011
193,130006,32,,3,11,3015,3301,4,2.1670051016761303,41.373233381532096,430340.217,4580525.561
194,65200,35,,4,20,4043,1583,28,2.116548179222597,41.37841127457942,426126.539,4581142.181
195,246000,27,,2,10,2172,1502,15,2.1625021281788093,41.37655095632075,429967.208,4580897.501
196,222603,10,,3,15,3056,973,14,2.142472870870901,41.37085277492522,428286.058,4580281.276
197,225500,133,,2,5,2007,1283,13,2.178350272082238,41.396043346682404,431312.983,4583048.831
198,4908,153,,10,66,10043,3301,18,2.1877826551354635,41.40093024755119,432106.59,4583583.933
199,209900,128,,10,65,10039,1889,18,2.1875494155719246,41.40873033796432,432095.215,4584450.072
200,81002,44,,9,59,9011,1988,30,2.206085006123917,41.43695072280788,433673.16,4587568.706
201,357103,23,,5,24,5025,1294,17,2.130188995801637,41.399018464390785,427290.148,4583418.426
202,148409,66,,7,39,7089,1433,35,2.138210355866846,41.421330156694935,427985.327,4585888.747
203,50905,31,,3,17,3077,1455,28,2.1258316450360275,41.37436381404995,426898.29,4580684.967
204,165408,22,,10,70,10081,2297,19,2.2182368653900677,41.41429511122102,434665.675,4585044.263
205,101405,57,,5,24,5026,1430,17,2.1316456167056246,41.401242550552325,427414.387,4583664.12
206,269403,39,,9,62,9082,2187,27,2.181014783565879,41.42211400252425,431563.095,4585941.056
207,119900,4,,3,18,3102,1411,14,2.138375971777567,41.37256722631829,427945.328,4580475.009
208,206607,21,,3,13,3029,1291,38,2.137171569067638,41.35966446730134,427830.35,4579043.57
209,4908,94,,10,66,10043,3301,18,2.1921364045497325,41.39794073913309,432467.429,4583248.639
210,369408,218,,3,13,3212,2612,38,2.13775582332907,41.36229983217241,427882.129,4579335.657
211,348408,1,,5,26,5067,1390,6,2.152614340673481,41.39533579214832,429160.762,4582991.002
212,285807,52,,2,10,2159,1966,15,2.155098944692808,41.37808086299376,429349.793,4581073.357
213,230601,353,,3,13,3035,2269,38,2.1393802899149468,41.36296925467551,428018.738,4579408.625
214,9800,33,,8,51,8078,1720,42,2.1728533558982566,41.44359941426247,430903.884,4588332.834
215,3701,120,,8,55,8110,2092,33,2.1734291801602983,41.46117194156127,430970.619,4590283.271
216,73900,289,,2,6,2034,1202,25,2.176888431508872,41.40746485365894,431202.825,4584317.992
217,78700,39,,9,60,9029,1080,30,2.191906438632879,41.439118136558925,432490.862,4587820.291
218,17604,4,,9,61,9057,1845,27,2.1872877763234353,41.42510174643212,432090.403,4586267.814
219,110803,5,,2,10,2154,1035,15,2.155878586382905,41.37550520915045,429412.202,4580786.777
220,225500,252,,2,6,2053,1920,13,2.1717611513714496,41.401306607656906,430767.737,4583638.396
221,186102,70,,7,33,7012,1599,25,2.1714210807298513,41.41268816444851,430751.397,4584902.235
222,16907,40,,5,24,5029,1671,17,2.1251119593693084,41.401070255285575,426868.041,4583650.487
223,140407,55,,9,61,9067,1496,27,2.187845290690215,41.422709564219346,432134.498,4586001.799
224,168803,20,,7,39,7093,1852,35,2.1377971795095343,41.426956047122246,427957.019,4586513.673
225,263906,17,,9,61,9060,1449,27,2.1901997114159117,41.42610912821521,432334.77,4586377.373
226,140305,19,,6,30,6019,1583,23,2.149164349692665,41.41083195883602,428889.246,4584714.195
227,149300,76,,7,43,7120,1266,32,2.159131839080692,41.42687436423752,429739.605,4586487.073
228,365407,7,,5,27,5098,1588,22,2.1406126863583554,41.41145635372692,428175.2,4584790.571
229,144306,20,,6,32,6081,1342,25,2.1634493526315053,41.406522779341046,430078.542,4584224.165
230,23709,89,,8,52,8100,1349,16,2.183706462273498,41.44424743368173,431811.19,4588396.17
231,367504,103,,10,67,10052,2435,5,2.1974639973775627,41.39424678053107,432908.989,4582834.402
232,28906,12,,3,13,3033,1547,38,2.141329973866608,41.36054009139735,428179.138,4579137.327
233,206403,164,,6,31,6051,1277,12,2.152856792177521,41.40235650915448,429188.652,4583770.235
234,168100,1,,9,60,9050,1574,30,2.1855236254596466,41.43178103244796,431949.966,4587010.728
235,76807,260,,2,5,2020,1713,13,2.17802282709051,41.39999139855675,431289.768,4583487.398
236,229602,43,,4,19,4009,1467,14,2.1328384869310306,41.38330707426037,427494.172,4581671.948
237,89004,229,,2,8,2096,1433,11,2.158123993233067,41.385530046673765,429610.782,4581897.892
238,23403,131,,2,8,2087,1449,36,2.154618952796756,41.39181943743593,429324.535,4582598.984
239,209900,326,,9,61,9056,1139,27,2.1868279561320043,41.42559239410055,432052.492,4586322.646
240,223606,218,,2,8,2086,1428,36,2.1501374028022666,41.39377789063535,428951.998,4582820.074
241,87009,178,,2,9,2139,1743,15,2.153737690608871,41.38423130659504,429242.632,4581757.28
242,89004,271,,2,8,2091,1857,11,2.160874485651639,41.38760099453289,429842.979,4582125.575
243,365702,94,,7,33,7015,1422,24,2.167826570978551,41.41557212012243,430454.059,4585225.289
244,350104,9,,2,6,2026,2098,13,2.1777661399330066,41.404515404733125,431273.078,4583989.851
245,361406,213,,2,9,2120,1185,29,2.149783268837008,41.38482140357661,428912.636,4581826.028
246,208001,213,,6,31,6037,1112,12,2.1517745688503833,41.406683835300896,429102.894,4584251.535
247,18505,48,,2,9,2141,1231,15,2.1508756931243056,41.38149496173373,429000.357,4581455.836
248,21306,57,,1,1,1001,1423,1,2.173265915430253,41.375888374992996,430866.598,4580815.301
249,287201,58,,2,9,2136,892,15,2.1479537017038424,41.38225723180678,428756.864,4581542.86
250,195409,64,,10,70,10090,1539,19,2.2139614431867307,41.41379478139778,434307.858,4584991.951
251,210003,20,,10,65,10039,1889,18,2.187803497536947,41.40784136383774,432115.526,4584351.18
252,312706,74,,7,43,7123,1488,31,2.1625024703506757,41.42937634984819,430023.934,4586762.112
253,211505,3,,5,24,5023,1483,17,2.1274617402020968,41.39639069804967,427059.229,4583128.987
254,76807,83,,10,66,10045,1262,18,2.1860821684757323,41.393611851475484,431956.812,4582772.789
255,115603,416,,9,63,9083,1754,27,2.184047506893532,41.420974696900934,431815.329,4585812.179
256,365000,67,,3,18,3086,1271,28,2.129999958370671,41.37869926739104,427251.697,4581162.775
257,325005,178,,2,5,2004,1494,13,2.180821024561809,41.39616435201429,431519.658,4583060.309
258,701558,1,,8,45,8029,1511,16,2.1809226806290285,41.435408703110134,431569.361,4587417.096
259,23505,51,,5,25,5042,1374,22,2.1354226013336226,41.40270318315568,427731.726,4583823.12
260,70607,164,,2,8,2102,1385,36,2.15220625594169,41.39071832661805,429121.631,4582478.711
261,143609,29,,10,69,10080,2516,19,2.215802147811986,41.40864956554043,434456.522,4584419.341
262,138303,1,,8,48,8058,1698,42,2.1684386463399825,41.43931652240677,430530.528,4587860.883
263,110803,11,,2,10,2154,1035,15,2.1556278179172836,41.37569397752646,429391.436,4580807.938
264,257700,25,,3,11,3022,1442,4,2.170072923553159,41.37289464366671,430596.408,4580485.494
265,86902,65,,1,1,1003,3829,1,2.171906632452064,41.37670047490112,430753.792,4580906.544
266,51205,3,,2,8,2109,2232,29,2.144435627058956,41.39063666902764,428471.885,4582476.031
267,147508,43,,6,28,6008,2123,23,2.140142945175367,41.41310657822939,428137.759,4584974.167
268,110304,52,,2,8,2088,1745,8,2.1578270004816,41.3913779686951,429592.26,4582547.361
269,230000,74,,6,29,6014,1488,23,2.1476723469795393,41.41753927558517,428771.875,4585460.061
270,90502,370,,2,7,2059,1705,37,2.1624899956046733,41.39878009101735,429990.045,4583365.356
271,16204,5,,5,24,5022,1681,17,2.1334257415206195,41.39537670670862,427556.675,4583011.411
272,339101,94,,9,60,9030,1465,30,2.1911380934983016,41.44031930979904,432427.919,4587954.244
273,141206,36,,7,35,7029,1309,41,2.170549156817209,41.42021570812187,430686.529,4585738.633
274,100800,4,,2,9,2149,1872,15,2.1497001548930146,41.37717498618191,428897.358,4580977.203
275,356803,178,,6,31,6035,1096,24,2.1525174129904125,41.40833674946994,429166.779,4584434.432
276,188006,25,,5,23,5007,1796,17,2.11788095359424,41.403693379241034,426266.56,4583947.833
277,86200,88,,10,72,10107,1524,18,2.1951729540704914,41.41307389392156,432736.878,4584926.34
278,157206,47,,9,61,9061,1841,27,2.1944959004114417,41.427545415727685,432695.237,4586533.48
279,359801,37,,5,23,5005,1250,17,2.1121947531544185,41.4073447574235,425795.419,4584358.061
280,36700,37,,8,51,8077,1440,42,2.1765124998829344,41.44395530212571,431209.931,4588369.43
281,361406,276,,2,9,2110,2019,29,2.1466799705334245,41.38782989825598,428656.453,4582162.577
282,196900,33,,5,26,5069,1801,6,2.1502369340820104,41.39854720052442,428965.512,4583349.475
283,316605,20,,1,3,1035,1151,3,2.1914712516901753,41.379728376658186,432392.96,4581227.25
284,144306,9,,6,32,6082,3330,24,2.1630265191039575,41.40639230239847,430043.06,4584210.021
285,299506,22,,5,26,5079,1333,6,2.144437810887752,41.40123817634012,428483.69,4583652.995
286,301608,73,,3,14,3043,1628,4,2.14490035951821,41.37046028507037,428488.638,4580235.697
287,183206,1,,1,1,1014,1773,1,2.1664951528222436,41.38065753754629,430305.498,4581350.188
288,369306,14,,5,27,5082,1701,6,2.15008078659072,41.40150821270128,428955.684,4583678.331
289,109101,98,,10,64,10018,1476,26,2.183481883829109,41.40654788108696,431752.963,4584210.975
290,110009,49,,10,67,10052,2435,5,2.1942574754504323,41.393555671482844,432640.212,4582760.164
291,206800,26,,1,4,1051,1825,3,2.1776468399907722,41.38802171351161,431245.726,4582158.839
292,286504,123,,2,7,2068,1721,13,2.1757351315728113,41.396319277376286,431094.656,4583081.541
293,344101,417,,7,33,7010,1325,25,2.17179814755694,41.410289162603384,430780.364,4584635.599
294,197302,241,,2,6,2051,1906,13,2.1761691217663652,41.40303303109041,431138.024,4583826.548
295,90400,20,,5,22,5002,1654,17,2.10625737358904,41.414360849541495,425307.193,4585142.085
296,351209,6,,7,34,7020,1725,24,2.1631435531699723,41.41505019948331,430062.129,4585171.117
297,7203,17,,8,50,8072,1235,42,2.172277564353387,41.445570366390314,430857.877,4588552.108
298,313108,30,,7,33,7010,1325,25,2.1707587386187273,41.411299358270945,430694.565,4584748.581
299,39108,9,,6,31,6042,1756,12,2.1526582668297185,41.400162499573504,429169.675,4583526.821
300,76501,41,,1,1,1009,2388,1,2.1655345706006663,41.37833363381716,430222.693,4581092.965
301,159405,5,,3,18,3101,6718,14,2.137094625408849,41.3743086600147,427840.097,4580669.406
302,142355,4,,2,6,2049,2119,13,2.175923729496196,41.404724050741066,431119.298,4584014.478
303,87009,235,,2,9,2116,1001,29,2.1501870812299173,41.386621312245026,428948.359,4582025.52
304,115603,398,,9,63,9083,1754,27,2.184966692392697,41.420282800660054,431891.418,4585734.642
305,61708,4,,6,31,6050,1274,12,2.157410118769013,41.401392626840206,429568.22,4583659.514
306,90502,211,,2,8,2105,2195,36,2.1520830087498126,41.39119878823577,429111.849,4582532.152
307,145003,148,,2,7,2060,1767,37,2.1661808955416464,41.39870138412355,430298.497,4583353.642
308,212905,33,,9,60,9043,1392,30,2.1853176493937236,41.436365668521816,431937.546,4587519.873
309,145003,131,,2,7,2063,1241,37,2.1669791448831472,41.39781730698431,430364.282,4583254.851
310,700651,74,,7,43,7111,944,31,2.153892707344718,41.436243418831886,429312.0,4587531.484
311,248301,92,,8,55,8114,2029,33,2.175782433983906,41.46278996447231,431168.859,4590461.029
312,361406,54,,2,10,2168,2320,15,2.1604333544191645,41.37745989055068,429795.19,4581000.083
313,81603,90,,10,65,10038,1659,18,2.1886726795972447,41.408712611072126,432189.08,4584447.224
314,218901,11,,8,46,8041,2743,31,2.170302333229214,41.43211475251042,430678.561,4587059.853
315,286504,24,,10,66,10046,1261,18,2.1832430343632945,41.39090992808683,431716.632,4582475.059
316,313301,70,,3,18,3110,1439,14,2.135434013279042,41.38034965994966,427707.918,4581341.452
317,144601,229,,2,5,2014,1389,13,2.1830892722729316,41.40219513498498,431715.59,4583728.048
318,54509,261,,2,9,2113,2260,29,2.1451184325063233,41.38703626675071,428525.027,4582075.756
319,173905,155,,3,16,3062,1707,14,2.1365326643342644,41.37071713532742,427789.131,4580271.149
320,196707,108,,10,68,10061,1737,5,2.204303244683043,41.40048323744571,433487.105,4583521.491
321,288805,55,,5,24,5025,1294,17,2.1326265943060267,41.398399091544455,427493.227,4583347.621
322,186102,30,,7,33,7009,1317,25,2.169931947081399,41.41157691541974,430625.759,4584780.057
323,299200,11,,6,30,6018,1401,24,2.1524921735461877,41.41066724673415,429167.201,4584693.182
324,171400,104,,10,66,10043,3301,18,2.188907879517584,41.39517710574534,432194.669,4582944.346
325,129007,20,,2,6,2051,1906,13,2.1752456022621196,41.402732527460586,431060.511,4583793.921
326,128503,50,,5,25,5037,1490,22,2.1373557938164485,41.40726985471927,427898.368,4584328.496
327,40402,1,,5,26,5078,2121,6,2.1400731165074105,41.40337205337588,428121.194,4583893.508
328,212304,19,,8,50,8069,1668,42,2.173516166744328,41.44713054791486,430962.996,4588724.33
329,312400,431,,3,17,3080,1537,28,2.1226231962601374,41.37557929767011,426631.349,4580822.619
330,357602,58,,9,59,9015,2047,20,2.2070317428715818,41.42814011964468,433743.296,4586589.835
331,9209,113,,2,5,2003,1119,13,2.1838437139820117,41.395947413045015,431772.119,4583033.84
332,46409,3,,1,4,1045,2056,3,2.1823076220198625,41.38416969050566,431631.367,4581727.506
333,122609,65,,1,1,1015,2630,1,2.1643479574111413,41.3816252787819,430126.992,4581459.354
334,363605,34,,7,35,7035,1855,41,2.1788132406338896,41.41687266542777,431373.608,4585360.91
335,81603,185,,9,63,9094,2039,27,2.1908561966371893,41.41532463271901,432378.438,4585179.576
336,210502,4,,1,2,1023,2296,2,2.1756340910877485,41.38556544625488,431074.851,4581887.747
337,336001,23,,4,21,4055,1647,34,2.1166436469215184,41.39068258969078,426148.409,4582504.444
338,33509,46,,5,27,5089,1823,23,2.1468956028646584,41.40771799409491,428696.223,4584370.351
339,105304,299,,2,6,2038,1543,25,2.178244336941725,41.40979190936901,431318.606,4584575.263
340,241608,35,,9,61,9064,1183,27,2.1905375178187443,41.418422753497055,432355.02,4585523.775
341,54804,20,,5,23,5013,1667,34,2.1227306169720794,41.39692466213504,426664.322,4583192.261
342,96509,10,,4,20,4045,1408,28,2.116085002216861,41.376881404112254,426086.076,4580972.732
343,339509,12,,3,15,3049,1707,14,2.144097500082006,41.37614899921449,428427.731,4580867.911
344,248050,4,,1,3,1032,1748,39,2.1857648458687313,41.38110774309638,431917.24,4581384.852
345,43604,10,,8,52,8084,1197,16,2.178578052849833,41.439287494609445,431377.561,4587849.573
346,241608,34,,9,63,9093,1293,27,2.1887608343437663,41.416776266460495,432204.833,4585342.373
347,285807,136,,2,9,2137,1503,15,2.1503606912006155,41.38165607873497,428957.47,4581474.145
348,241200,70,,8,53,8106,1432,33,2.187434946171228,41.45104385427241,432129.734,4589147.775
349,179107,25,,6,31,6042,1756,12,2.153835794240848,41.39966186416485,429267.564,4583470.279
350,342503,61,,10,71,10094,3664,19,2.20922202458765,41.41026959811243,433908.191,4584604.195
351,182600,50,,7,37,7068,1385,32,2.15736214911996,41.42337857772057,429587.957,4586100.411
352,109203,109,,6,32,6083,1681,24,2.1628062629379694,41.40820486896752,430026.595,4584411.428
353,165204,3,,6,29,6017,1497,23,2.150674019186349,41.4174998539911,429022.681,4585453.22
354,350308,343,,2,7,2062,1608,9,2.1699319073360517,41.39781350703044,430611.114,4583252.06
355,15201,283,,10,73,10142,1736,20,2.2094235820463117,41.42194987116014,433936.874,4585900.772
356,209900,540,,9,60,9035,1612,30,2.1859800016539324,41.44015847071599,431996.842,4587940.427
357,349706,171,,2,9,2117,1223,36,2.1506293548491846,41.387920541598156,428986.751,4582169.396
358,102306,28,,4,20,4049,1357,28,2.117748556965066,41.38110603642901,426229.96,4581440.327
359,263600,5,,7,37,7061,1403,23,2.1515684744294905,41.41887675818061,429098.928,4585605.35
360,242906,213,,10,68,10066,2077,5,2.1987365506078684,41.402006415712414,433023.341,4583694.881
361,110202,27,,5,23,5006,1807,34,2.1183489537156817,41.39659586021827,426297.66,4583159.476
362,143303,3,,10,67,10052,2435,5,2.1990648231323244,41.393452474490694,433042.002,4582744.981
363,225500,122,,2,5,2008,1944,13,2.178830198000818,41.39595927400664,431353.015,4583039.117
364,16907,62,,5,23,5008,1761,17,2.1226828880543613,41.40354310002565,426667.773,4583927.073
365,100800,180,,2,8,2094,1526,11,2.1599232719807455,41.38489820528016,429760.541,4581826.286
366,30602,46,,3,16,3067,1752,14,2.1339300058270436,41.36769933062401,427568.124,4579938.289
367,163209,7,,9,60,9050,1574,30,2.186374962745036,41.43162346333094,432020.932,4586992.566
368,273808,8,,10,65,10039,1889,18,2.188225201740548,41.40919568762476,432152.182,4584501.205
369,275600,42,,8,55,8115,1829,33,2.179198017975503,41.462726439592046,431454.033,4590451.265
370,18254,9,,8,49,8060,1241,42,2.163666509068823,41.44210662974638,430134.848,4588174.48
371,700651,75,,7,41,7098,2226,35,2.1524951607960707,41.43691328252174,429195.969,4587606.994
372,286708,8,,1,1,1019,3083,1,2.1689262074012428,41.38043270210417,430508.536,4581323.275
373,87009,116,,2,9,2144,1567,15,2.1570953882984973,41.38168623473912,429520.629,4581471.994
374,29206,102,,10,66,10042,3713,18,2.1931203009331703,41.39882321717963,432550.59,4583345.844
375,36100,55,,3,17,3080,1537,28,2.1242079351610625,41.374311167868605,426762.448,4580680.493
376,180751,10,,8,48,8215,1642,42,2.170620754948093,41.43622319753387,430709.535,4587515.715
377,228600,41,,3,16,3058,1896,14,2.1392968959856176,41.37244159960564,428022.204,4580460.297
378,96600,2,,10,70,10081,2297,19,2.2186604467817594,41.413987320543086,434700.767,4585009.773
379,345658,7,,6,31,6039,1635,12,2.1531484282353173,41.40363209775146,429214.414,4583911.611
380,169409,726,,2,5,2008,1944,13,2.178296715244561,41.396619083853764,431309.112,4583112.791
381,343903,66,,4,20,4039,1245,28,2.12262623497616,41.37832339637403,426634.687,4581127.262
382,231900,18,,2,6,2040,1783,25,2.175326407826669,41.41093786888013,431075.938,4584704.804
383,701620,11,,3,15,3055,1603,14,2.143382800915262,41.37240861261417,428363.862,4580453.25
384,43706,1,,3,11,3007,1684,4,2.1587732736829546,41.37353382536827,429652.142,4580565.564
385,159405,1,,3,18,3102,1411,14,2.1373539520400735,41.37411386213166,427861.568,4580647.564
386,355403,24,,3,15,3051,1849,14,2.141545728307673,41.37403747129553,428212.023,4580635.603
387,173304,5,,5,26,5054,1008,21,2.1387351523244504,41.39532230883617,428000.472,4583000.946
388,259002,37,,8,50,8067,1987,42,2.177318368509269,41.447795428776864,431281.302,4588795.119
389,271100,29,,10,66,10047,2092,18,2.1858702306220836,41.391048463868735,431936.42,4582488.372
390,28000,228,,5,26,5052,1424,21,2.138420932034546,41.397965599335876,427977.122,4583294.662
391,236109,15,,8,50,8074,1659,42,2.1781443937402756,41.446574018099675,431349.013,4588658.863
392,67103,96,,7,37,7067,1654,32,2.1581885279206388,41.422505716277854,429656.069,4586002.835
393,90604,20,,10,64,10011,1252,26,2.178628074698281,41.4106252831035,431351.556,4584667.479
394,274800,85,,6,31,6060,1775,24,2.161535228060916,41.40445299676302,429916.328,4583995.927
395,154300,9,,7,43,7106,1234,31,2.162993172265374,41.434815352355926,430070.772,4587365.55
396,209004,5,,10,65,10039,1889,18,2.1884352139756573,41.40739608684754,432167.863,4584301.251
397,26208,73,,7,35,7037,1564,41,2.1752436617369004,41.41929917063652,431077.862,4585633.133
398,287201,133,,2,8,2099,1532,11,2.155818398370972,41.386224891895594,429418.761,4581976.908
399,108903,63,,8,45,8023,1477,16,2.1780714147058955,41.43112013657252,431326.627,4586943.24
400,364700,9,,8,52,8093,1354,16,2.181869261321957,41.440943608261186,431654.252,4588030.83
401,90502,527,,6,32,6073,1325,25,2.17046599344658,41.405047444987275,430663.451,4584054.735
402,71600,140,,2,5,2005,4045,13,2.179392589970957,41.39574676406982,431399.806,4583015.079
403,144601,343,,2,7,2063,1241,37,2.1665030052820335,41.398040018909185,430324.717,4583279.959
404,7203,11,,8,50,8072,1235,42,2.1721639742370216,41.44542213355039,430848.231,4588535.742
405,701352,40,,5,25,5032,1893,17,2.1225731114826685,41.41131398513488,426667.336,4584789.882
406,208001,209,,6,31,6037,1112,12,2.1517745688503833,41.406683835300896,429102.894,4584251.535
407,209900,195,,10,64,10001,1654,26,2.186595760860679,41.41479051429876,432021.826,4585123.614
408,128503,1,,5,25,5036,1818,22,2.1350186214053135,41.408855321514174,427704.778,4584506.461
409,245802,116,,2,8,2104,1171,36,2.148659336337133,41.39005092988809,428824.366,4582407.525
410,300605,7,,3,17,3083,1359,28,2.128497810587836,41.37597237810046,427123.044,4580861.302
411,11200,2,,1,4,1055,1382,18,2.1821250393936675,41.39108799176169,431623.35,4582495.709
412,313108,72,,7,33,7012,1599,25,2.172203410495046,41.412378192154975,430816.452,4584867.197
413,144601,166,,10,71,10096,1664,18,2.195788020539167,41.40576634286505,432780.75,4584114.587
414,270901,119,,10,68,10058,1202,5,2.1973199816271483,41.39926323477511,432902.109,4583391.433
415,363809,204,,2,8,2107,1632,36,2.1486095638825686,41.39150689402632,428821.793,4582569.205
416,339101,58,,9,60,9029,1080,30,2.1912527716064196,41.43868486106047,432435.804,4587772.699
417,208001,23,,6,31,6046,1172,12,2.160240942272129,41.39939970799598,429802.705,4583435.965
418,198407,1,,2,10,2172,1502,15,2.1633456883403124,41.37549148450122,430036.613,4580779.199
419,331507,98,,2,9,2130,1070,15,2.144091955776499,41.37957549863405,428431.024,4581248.32
420,191204,158,,2,8,2099,1532,36,2.1549324480464134,41.387952279558235,429346.557,4582169.402
421,365702,104,,7,33,7015,1422,24,2.1686957868061425,41.41528470652993,430526.395,4585192.683
422,55603,59,,5,26,5060,1143,21,2.1416043714564372,41.3961626931516,428241.258,4583091.864
423,25806,4,,10,73,10138,3322,20,2.204707240126398,41.42362895473013,433544.47,4586090.791
424,121402,168,,9,62,9074,1805,27,2.18152484700806,41.424713888096115,431608.446,4586229.29
425,60002,22,,7,36,7057,1490,32,2.162366205534957,41.42485725837117,430007.695,4586260.516
426,270901,336,,10,69,10076,2286,19,2.208237237569591,41.4071974509409,433822.766,4584263.881
427,351901,214,,8,48,8055,1798,42,2.1729217872726485,41.43837903844479,430904.063,4587753.216
428,110803,182,,2,9,2124,1148,29,2.144490489476124,41.384384446943585,428469.619,4581781.873
429,18006,6,,1,2,1031,1790,2,2.1813298405326957,41.38116767419801,431546.464,4581394.999
430,39709,118,,9,61,9061,1841,27,2.191755459899329,41.42717909318306,432465.875,4586494.945
431,90502,79,,2,9,2125,1689,29,2.1444763777805598,41.38545826199687,428469.616,4581901.098
432,7600,50,,8,45,8035,7056,16,2.174578835500317,41.43610074553466,431040.086,4587498.96
433,76807,77,,10,66,10045,1262,18,2.1863267560963355,41.39342711699869,431977.067,4582752.088
434,37408,15,,5,26,5057,1684,21,2.1402598815776175,41.393268357294495,428125.674,4582771.653
435,73900,301,,2,6,2036,1206,25,2.1761892904278892,41.407996182234115,431144.95,4584377.535
436,89208,23,,7,43,7114,1271,32,2.1581631307488514,41.431432413892864,429663.582,4586993.891
437,45508,23,,1,2,1028,2024,2,2.1742372596498014,41.38153742004678,430953.8,4581441.674
438,115603,50,,10,68,10073,1463,5,2.2069756112183194,41.40369204420146,433713.753,4583875.68
439,270209,35,,3,18,3107,1857,14,2.139582630789991,41.3806429828587,428055.138,4581370.564
440,110304,90,,2,8,2084,2105,8,2.155624062807332,41.39304425325773,429409.89,4582734.142
441,286504,77,,2,5,2006,1629,13,2.179500260545238,41.39346490481237,431406.408,4582761.665
442,701882,20,,10,73,10138,3322,20,2.2061865119216564,41.42473575776042,433669.207,4586212.533
443,700908,18,,10,71,10098,1719,18,2.19518657653442,41.40870336108009,432733.508,4584441.118
444,202504,58,,7,35,7051,1939,32,2.1734584464646223,41.42254915816351,430932.12,4585995.366
445,88602,20,,7,43,7105,1148,31,2.163289935041054,41.43569067385956,430096.505,4587462.488
446,362001,120,,2,9,2134,1515,15,2.146934936895037,41.38082965816957,428670.12,4581385.211
447,52503,1,,4,19,4016,1074,29,2.141865567533933,41.38556386276397,428251.44,4581914.98
448,18505,396,,2,7,2066,1806,13,2.1737199766753412,41.39861395821077,430928.625,4583337.898
449,136705,9,,7,43,7104,1644,42,2.161532174870531,41.43821148628168,429952.361,4587743.768
450,191204,157,,2,8,2101,2248,36,2.154398513872306,41.38782487303115,429301.778,4582155.693
451,230601,391,,3,13,3213,2420,38,2.1382878234905776,41.36391132942132,427928.404,4579514.12
452,28305,78,,2,5,2002,5278,13,2.1797861177165534,41.39432906904236,431431.214,4582857.377
453,71701,1,,1,2,1026,12589,2,2.1788631423846945,41.3828504297055,431341.978,4581583.767
454,342503,2,,10,69,10080,2516,19,2.2138162857864194,41.407850893093034,434289.737,4584332.178
455,161407,101,,2,6,2043,1536,25,2.1704602945820923,41.406723903479325,430664.757,4584240.858
456,312400,119,,3,18,3096,1593,28,2.1346275905946186,41.37533373552531,427634.927,4580785.265
457,285807,16,,2,10,2156,1316,15,2.1579882845443645,41.37589695534654,429589.045,4580828.552
458,700812,8,,7,41,7098,2226,35,2.1517574353647912,41.43402222463921,429131.191,4587286.634
459,191204,242,,2,7,2081,2268,8,2.161592598746016,41.39297056687711,429908.787,4582721.116
460,16102,2,,1,2,1026,12589,2,2.180682998636561,41.38186940417733,431493.114,4581473.415
461,114702,15,,8,44,8014,1279,16,2.1764466997213323,41.429075212292474,431188.719,4586717.504
462,110803,20,,2,10,2155,1816,15,2.1556887183230042,41.37592820566926,429396.782,4580833.892
463,196106,17,,5,24,5022,1681,17,2.129166382903479,41.39499551726676,427200.175,4582972.662
464,103003,104,,8,45,8037,1637,16,2.1726280037394927,41.434560610538725,430875.468,4587329.531
465,43900,59,,9,63,9092,1893,27,2.1885854402118627,41.41786435693675,432191.307,4585463.309
466,257007,18,,4,20,4039,1245,28,2.122939393368897,41.378136184648845,426660.663,4581106.213
467,363503,112,,8,48,8051,1340,42,2.1648626733909277,41.4381653375336,430230.552,4587735.955
468,121402,124,,9,61,9068,1579,27,2.185063114529851,41.422008917234066,431901.279,4585926.198
469,241608,22,,9,63,9093,1293,27,2.1882914276644407,41.41628574153405,432165.094,4585288.283
470,700113,1,,8,50,8066,1742,42,2.176495514851494,41.45027728170668,431215.19,4589071.307
471,79102,9,,7,35,7036,1497,41,2.1781171241050883,41.41678990618509,431315.346,4585352.274
472,246500,35,,9,61,9058,1586,27,2.1898392114465057,41.42416334814925,432302.626,4586161.636
473,362704,30,,2,6,2032,1247,13,2.179052330911462,41.406690970364,431382.875,4584230.36
474,268003,182,,2,8,2101,2248,36,2.1535064385041913,41.3885952289748,429228.029,4582241.945
475,263407,15,,3,17,3082,1884,28,2.126808803551756,41.37627362961616,426982.141,4580896.168
476,70607,6,,2,10,2164,1625,11,2.1627870673234573,41.3825091535453,429997.425,4581558.74
477,39709,80,,9,61,9062,1692,27,2.1925631597201996,41.42457180045774,432530.665,4586204.856
478,30500,153,,10,66,10042,3713,18,2.1911042602647814,41.40178111203049,432385.128,4583675.797
479,167902,5,,5,24,5023,1483,17,2.1279728674378378,41.39676956355605,427102.381,4583170.618
480,206403,229,,6,31,6040,1779,12,2.1510258417347417,41.404941608435664,429038.417,4584058.728
481,203904,60,,6,31,6028,1339,24,2.1562724147555534,41.40870228089337,429481.023,4584471.949
482,23403,124,,2,8,2084,2105,36,2.15584477029045,41.39117351092536,429426.318,4582526.275
483,140203,27,,1,1,1003,3829,1,2.1722113842129076,41.376753334974296,430779.332,4580912.169
484,340406,43,,6,31,6062,1231,24,2.160409564099213,41.40593369745515,429823.831,4584161.224
485,233701,70,,9,61,9068,1579,27,2.185006854963623,41.42264562542373,431897.243,4585996.929
486,256401,85,,8,45,8035,7056,16,2.1751899862087067,41.436519462033075,431091.588,4587544.959
487,45803,68,,3,15,3053,2278,14,2.1446017159791926,41.37341637138917,428466.901,4580564.123
488,701973,11,,9,61,9061,1841,27,2.193325108867346,41.426665164454974,432596.499,4586436.666
489,299506,24,,5,26,5079,1333,6,2.144437810887752,41.40123817634012,428483.69,4583652.995
490,328808,75,,3,17,3072,1387,28,2.1297281089935574,41.372525333486145,427222.083,4580477.583
491,145003,50,,2,7,2072,1264,9,2.1727318885350146,41.39375204209515,430840.873,4582798.923
492,285807,25,,2,10,2155,1816,15,2.157174052403967,41.376232829928966,429521.319,4580866.502
493,161407,273,,10,64,10006,1900,41,2.180478672388749,41.41443486915962,431510.228,4585088.95
494,361406,6,,2,10,2172,1502,15,2.1629307624189775,41.37557224589931,430002.002,4580788.5
495,282300,51,,9,62,9076,1565,27,2.1788936917736,41.427816626934764,431391.852,4586575.835
496,120807,199,,8,50,8074,1659,42,2.1757780018956563,41.44536744110324,431150.067,4588526.789
497,50100,11,,7,35,7027,2167,41,2.169168310304106,41.41680954387721,430567.509,4585361.59
498,140101,16,,5,25,5034,1199,22,2.1376726372027477,41.41287051409761,427931.041,4584950.012
499,32700,55,,2,8,2091,1857,7,2.162205101671516,41.38949574550049,429956.263,4582334.851
500,292201,4,,2,6,2053,1920,13,2.1725684378188723,41.40212947639418,430836.091,4583729.105
501,316605,6,,1,3,1035,1151,3,2.1912883685565094,41.380201707135605,432378.158,4581279.941
502,38604,12,,4,20,4038,1231,28,2.125295343486725,41.3781725562411,426857.709,4581108.26
503,365906,3,,1,4,1050,1593,3,2.176833152398035,41.38701126042058,431176.63,4582047.306
504,202005,8,,8,52,8088,1334,16,2.180194635438427,41.443173518445114,431516.699,4588279.717
505,247659,132,,2,7,2078,1380,9,2.166768103350306,41.39313984306039,430341.646,4582735.735
506,351606,33,,8,55,8112,1896,33,2.17639220233964,41.45914117426136,431215.926,4590055.456
507,89208,51,,7,43,7114,1271,32,2.1570213191909975,41.43169932019055,429568.47,4587024.451
508,107004,43,,4,19,4015,1934,29,2.1398669449558763,41.38596070899728,428084.771,4581960.694
509,56209,3,,1,4,1046,1919,3,2.1814589330441905,41.382766788202645,431558.935,4581572.428
510,296508,68,,1,1,1016,2172,1,2.1638587008329986,41.38291602364949,430087.465,4581603.045
511,268105,117,,6,32,6084,1499,24,2.161594989753107,41.40932550500662,429926.559,4584536.819
512,301608,41,,3,14,3042,1401,4,2.146486262251643,41.37121577459887,428622.093,4580318.263
513,700021,36,,8,45,8029,1511,16,2.1821417830427197,41.43554408418349,431671.355,4587431.163
514,70607,226,,2,8,2106,1430,36,2.149816090385466,41.39231258250008,428923.54,4582657.661
515,344101,316,,7,33,7003,1343,25,2.1686165126231494,41.4079756595303,430511.981,4584381.304
516,299506,29,,5,26,5075,1926,6,2.1440187407895563,41.400841927832076,428448.225,4583609.35
517,342707,19,,8,46,8040,2025,31,2.169768041848483,41.433459428830105,430635.352,4587209.566
518,18505,488,,2,6,2024,1218,13,2.1809783095769557,41.40413003292672,431541.167,4583944.524
519,361406,250,,2,9,2110,2019,29,2.1475307053378145,41.387192555050014,428726.885,4582091.12
520,358004,8,,8,52,8101,1765,16,2.1837647884106066,41.44580887043545,431817.697,4588569.474
521,227800,117,,4,19,4012,1297,29,2.1373498989863298,41.386053721105014,427874.423,4581973.112
522,44200,63,,10,67,10051,1688,5,2.1914369945042926,41.39265914914496,432403.49,4582662.83
523,350308,563,,10,64,10016,1288,26,2.1831087105264295,41.40776397172733,431723.045,4584346.278
524,121402,118,,9,61,9068,1579,27,2.185063114529851,41.422008917234066,431901.279,4585926.198
525,31300,53,,2,7,2072,1264,9,2.1737228028974243,41.394431545259955,430924.433,4582873.57
526,218606,24,,3,11,3021,1086,4,2.172495922963866,41.372455069267815,430798.57,4580434.756
527,700050,5,,7,34,7021,1094,24,2.157971146129984,41.416138771248015,429631.031,4585296.159
528,285104,104,,3,18,3113,1595,29,2.1410440174076313,41.38267888861549,428179.575,4581595.375
529,225500,347,,6,32,6066,1006,25,2.165863274366219,41.40549498729844,430279.208,4584108.115
530,309202,5,,7,33,7007,1398,25,2.1664369256732954,41.41102425023729,430333.064,4584721.506
531,282605,31,,1,1,1004,3097,1,2.1690553247256483,41.377714308463815,430516.439,4581021.38
532,113007,64,,5,24,5026,1430,17,2.131274138338484,41.400257282656305,427382.238,4583555.048
533,369102,7,,3,13,3028,2705,38,2.136754419248098,41.362143312749,427798.198,4579319.114
534,228803,67,,6,32,6079,1180,25,2.1650183805787293,41.409057567678346,430212.4,4584504.309
535,157104,13,,7,43,7117,4580,31,2.162305264648476,41.430610302820405,430008.782,4586899.264
536,297001,446,,9,63,9089,1520,27,2.1852005184100145,41.41914745361343,431909.772,4585608.413
537,201603,54,,9,60,9022,1238,30,2.1921500739774,41.430205783963906,432501.983,4586830.658
538,701507,10,,9,60,9019,2618,30,2.195262155228664,41.42888306184855,432760.643,4586681.389
539,701278,197,,10,68,10072,2075,5,2.209166261755526,41.40240874562261,433895.563,4583731.536
540,354502,174,,7,35,7038,1338,41,2.1715641107724,41.416839214497436,430767.759,4585362.966
541,153205,77,,10,72,10118,1001,20,2.1995435700159502,41.41845198767053,433107.672,4585520.025
542,110304,16,,2,8,2090,1787,7,2.1600952920052148,41.38966207261372,429780.05,4582355.024
543,295403,61,,8,46,8040,2025,31,2.1702881475759,41.43409812454619,430679.486,4587280.057
544,65200,23,,4,20,4046,2370,28,2.1148808365940828,41.37773401332963,425986.348,4581068.415
545,192502,49,,2,10,2168,2320,15,2.1615909916398377,41.377568044371415,429892.109,4581011.153
546,144204,29,,1,2,1027,1622,2,2.179795829921221,41.38028939750038,431417.273,4581298.707
547,66508,61,,4,20,4084,1435,28,2.127419511062455,41.38351853418019,427041.308,4581699.972
548,267102,1,,3,15,3047,1799,14,2.1463595337928374,41.37597014997645,428616.693,4580846.19
549,242906,356,,10,69,10076,2286,19,2.206802252031205,41.40781337136136,433703.452,4584333.357
550,201501,10,,6,31,6046,1172,12,2.159954720318678,41.39910814494864,429778.465,4583403.828
551,131304,30,,10,70,10089,7337,19,2.210040999680549,41.41770596336633,433984.17,4585429.147
552,67307,114,,1,1,1013,1472,1,2.1663822614111665,41.37984434050194,430295.19,4581259.999
553,28000,166,,5,26,5076,1487,6,2.1435331994711357,41.39925197968955,428405.893,4583433.237
554,701377,28,,3,16,3064,2171,14,2.1328512630445795,41.36586699250424,427475.87,4579735.768
555,169409,908,,10,71,10098,1719,18,2.1932504354659264,41.4077270272713,432570.674,4584334.232
556,350308,572,,10,64,10017,1672,26,2.1837348836804877,41.40788258572887,431775.506,4584358.953
557,339305,7,,5,27,5084,1396,6,2.1486316215560057,41.404083753448525,428837.358,4583965.454
558,85900,37,,7,37,7068,1385,32,2.1561268885048355,41.42285368488425,429484.168,4586043.143
559,32200,23,,6,29,6013,1922,23,2.1463533407618853,41.41476211659062,428658.607,4585152.829
560,275508,47,,5,26,5052,1424,21,2.1396609771493047,41.398650079400994,428081.538,4583369.622
561,340803,27,,8,45,8021,1476,16,2.1797754048425104,41.432156327603174,431470.089,4587056.927
562,4205,8,,9,60,9039,1558,30,2.188582685493523,41.43797053159215,432211.995,4587695.482
563,34400,82,,9,57,9005,2020,33,2.19384314322679,41.45062012345576,432664.551,4589095.727
564,274200,52,,7,34,7021,1094,24,2.1575034931879236,41.41660215935235,429592.449,4585347.984
565,285909,28,,9,60,9022,1238,30,2.190087290172499,41.431351205617645,432330.82,4586959.432
566,110803,22,,2,10,2153,1407,15,2.1549447647631736,41.37649237133322,429335.181,4580897.131
567,157909,21,,1,1,1006,1845,1,2.172498845891361,41.38096371786835,430807.833,4581379.369
568,63408,6,,1,2,1031,1790,2,2.1781662389130103,41.38026103424799,431280.981,4581296.849
569,184209,40,,10,64,10021,1319,26,2.182147754463986,41.41179330632987,431646.95,4584794.368
570,113404,111,,8,45,8035,7056,16,2.175935332345497,41.43540742196467,431152.683,4587420.908
571,261503,4,,1,2,1026,12589,2,2.180110678367608,41.38230334539018,431445.715,4581522.043
572,9901,37,,8,51,8080,1647,42,2.175194008766042,41.44273983390747,431098.504,4588235.538
573,169409,224,,3,14,3043,1628,4,2.1424934770524757,41.369710674787925,428286.527,4580154.465
574,352904,4,,3,18,3107,1857,14,2.1379634354201507,41.37826968844058,427917.125,4581108.43
575,107503,10,,10,72,10109,1787,20,2.1978172529135143,41.41414354297429,432958.976,4585043.041
576,350308,704,,10,65,10030,1775,18,2.1922054334665173,41.41390785231968,432489.73,4585021.234
577,285807,101,,2,9,2146,1268,15,2.1529390393668093,41.379430036826555,429170.645,4581224.903
578,337401,50,,7,37,7075,1282,32,2.1569266907450038,41.425483166682206,429553.844,4586334.415
579,325800,7,,2,6,2049,2119,25,2.1729126581548615,41.40421901308154,430867.079,4583960.808
580,110009,333,,10,69,10079,1668,19,2.2109472246375095,41.40609550900189,434048.16,4584139.478
581,301302,36,,8,52,8085,1605,16,2.17922657291672,41.44089250092253,431433.429,4588027.246
582,246805,16,,5,26,5074,1661,21,2.1445698683971615,41.39891859633829,428492.186,4583395.369
583,275803,6,,1,2,1028,2024,2,2.174805701399613,41.38135795173057,431001.141,4581421.297
584,325005,285,,6,32,6071,1100,25,2.169448359406601,41.404492817793574,430577.801,4583993.976
585,221407,51,,7,37,7078,1516,32,2.152132780303877,41.42430925057731,429151.991,4586207.999
586,349808,135,,8,48,8050,1368,42,2.170831572195165,41.43496216287019,430725.807,4587375.547
587,18505,124,,2,9,2139,1743,11,2.154931616492157,41.38452688040928,429342.779,4581789.12
588,7600,47,,8,45,8034,1334,16,2.174227419168306,41.43596512067,431010.583,4587484.183
589,145400,21,,1,2,1026,12589,2,2.1801216632650124,41.38130217455119,431445.582,4581410.886
590,18505,634,,10,65,10038,1659,18,2.1897421931343004,41.41054508182777,432280.374,4584649.826
591,204204,4,,3,11,3019,1527,4,2.170977682900174,41.37335028106457,430672.554,4580535.354
592,36609,4,,2,8,2103,1699,36,2.1513716295758942,41.38833731012304,429049.264,4582215.057
593,186703,202,,10,68,10062,1485,5,2.2028186447022975,41.40135919077309,433363.9,4583619.879
594,297001,51,,6,32,6075,1120,25,2.1677124347131667,41.40635908119693,430434.692,4584202.559
595,54509,3,,2,10,2173,1502,15,2.160511993055341,41.37541033371601,429799.562,4580772.481
596,701538,3,,8,46,8040,2025,31,2.171400949182656,41.432486102873014,430770.746,4587100.201
597,43604,14,,8,52,8084,1197,16,2.178796345047536,41.43953292933895,431396.056,4587876.648
598,197302,318,,2,6,2047,1901,25,2.1725580143978664,41.406073418988136,430839.402,4584166.965
599,93500,2,,1,2,1027,1622,2,2.17645968075512,41.381808035126845,431139.915,4581469.949
600,46103,31,,5,26,5057,1684,17,2.1383503789183056,41.392830937568064,427965.555,4582724.677
601,76807,325,,2,6,2054,2020,25,2.172223579930198,41.40409062795949,430809.345,4583947.105
602,156509,48,,9,61,9066,1468,27,2.1885796037566556,41.42098270063739,432194.063,4585809.509
603,110803,66,,2,9,2146,1268,15,2.1520131742496673,41.37870597580343,429092.439,4581145.276
604,205400,11,,6,31,6039,1635,12,2.154323224084688,41.40401104520125,429313.023,4583952.722
605,196900,52,,5,26,5070,1521,6,2.1498603186663936,41.39843779678483,428933.91,4583337.638
606,364404,20,,9,57,9002,2313,33,2.1910770554898615,41.45134050270437,432434.255,4589177.859
607,191204,429,,2,6,2027,2073,13,2.1772271775167096,41.40498474208278,431228.523,4584042.384
608,85706,4,,1,2,1026,12589,2,2.178981680653203,41.38199330921922,431350.988,4581488.517
609,187207,137,,4,19,4035,1343,28,2.1308670585367504,41.38045658289712,427326.16,4581357.142
610,700892,59,,10,69,10078,2438,19,2.213384394451221,41.403490691767,434249.243,4583848.442
611,80407,8,,10,68,10074,1804,5,2.2038248981068738,41.405139263004735,433451.87,4584038.764
612,187706,32,,1,3,1034,997,3,2.189909502294571,41.37797875912099,432260.554,4581034.23
613,252808,8,,6,31,6049,1135,12,2.156054395666465,41.40062929548293,429454.069,4583575.873
614,29206,137,,10,66,10042,3713,18,2.1909856406629755,41.400171647429254,432373.544,4583497.209
615,128900,17,,1,4,1048,2263,3,2.1793803111656644,41.386891576492054,431389.469,4582031.999
616,296202,118,,9,60,9021,1408,30,2.1896133201919263,41.43081912159949,432290.666,4586900.731
617,330107,10,,10,66,10043,3301,18,2.1875955010374577,41.39850329751971,432088.419,4583314.643
618,293601,15,,7,35,7032,1514,41,2.173629251616576,41.41945686320757,430943.117,4585651.926
619,210808,83,,3,18,3094,1244,28,2.1313721118998843,41.377224519989504,427364.795,4580997.9
620,195409,37,,10,70,10093,1636,19,2.214687036911352,41.412962265662685,434367.661,4584898.976
621,28305,76,,2,5,2002,5278,13,2.1794698587305716,41.39409134001588,431404.525,4582831.235
622,268003,244,,2,8,2088,1745,8,2.158070462325754,41.392011860745285,429613.298,4582617.537
623,362001,126,,2,9,2134,1515,15,2.146776936616652,41.38094903425648,428657.039,4581398.594
624,245405,3,,9,60,9024,1218,30,2.18991988944176,41.43213257602881,432317.645,4587046.31
625,324501,8,,9,60,9040,1746,30,2.189191996919807,41.43687036255047,432261.755,4587572.865
626,231502,122,,4,19,4012,1297,29,2.135490425159288,41.38683004753052,427719.812,4582060.848
627,178308,330,,2,6,2047,1901,25,2.173623797357782,41.40689600376941,430929.356,4584257.437
628,38900,60,,5,23,5016,1930,34,2.1258657186871965,41.39479033897148,426924.014,4582952.662
629,204907,47,,9,62,9081,1810,27,2.182164220105944,41.42348999799634,431660.589,4586092.91
630,165805,34,,5,23,5011,1479,17,2.1243253637526887,41.398071779964795,426798.924,4583318.264
631,158504,90,,10,72,10119,1231,20,2.1976779214546625,41.418356033481,432951.664,4585510.815
632,299007,61,,5,22,5002,1654,35,2.1169729368827936,41.4259721481318,426215.879,4586421.977
633,157104,8,,7,43,7117,4580,31,2.162562533333936,41.43065542058779,430030.326,4586904.065
634,314905,98,,8,52,8091,1463,16,2.1800101163876873,41.442210426181916,431500.272,4588172.941
635,351107,22,,7,34,7020,1725,24,2.1626814291078618,41.41501110452725,430023.466,4585167.15
636,87009,155,,2,9,2143,1593,15,2.1558233231601864,41.38236919991391,429415.003,4581548.851
637,350308,160,,2,8,2099,1532,11,2.1553931858201207,41.38660098756436,429383.616,4582019.008
638,207304,16,,3,14,3046,1521,4,2.1480342146616485,41.3729928922142,428753.486,4580514.282
639,121402,273,,8,44,8013,1221,16,2.1758922739241444,41.42860862850023,431141.901,4586666.145
640,227301,119,,9,60,9052,1244,30,2.1894841966330088,41.42936292325994,432278.364,4586739.166
641,805,5,,7,33,7017,1805,24,2.164438702611862,41.412669949635784,430167.819,4584905.819
642,54509,193,,2,9,2122,1102,29,2.1490476929205116,41.38407354015582,428850.318,4581743.605
643,180401,258,,10,65,10035,1911,18,2.194247073988805,41.41160481495881,432657.98,4584763.964
644,63408,11,,1,2,1031,1790,2,2.1785837169651527,41.38014562029495,431315.768,4581283.705
645,355403,9,,3,16,3057,1511,14,2.14138911887902,41.37359603314517,428198.441,4580586.725
646,209208,19,,1,2,1031,1790,2,2.18059965826004,41.38053231951842,431484.742,4581325.04
647,269403,14,,9,62,9082,2187,27,2.1810022879571913,41.42123796503325,431561.131,4585843.809
648,113404,203,,8,45,8031,1298,16,2.178360928450615,41.43824827867871,431358.327,4587734.372
649,700645,3,,9,60,9035,1612,30,2.186766399216155,41.43963195447496,432061.989,4587881.356
650,34308,121,,1,1,1021,2259,2,2.170423748304659,41.38453803777329,430638.119,4581777.843
651,15201,150,,10,72,10121,1623,20,2.201069939723882,41.41578998082071,433232.502,4585223.314
652,191204,170,,2,8,2098,1529,36,2.155798892771595,41.38860559479881,429419.705,4582241.226
653,150852,103,,10,73,10143,1837,20,2.2106543695097187,41.42341886504212,434041.21,4586062.92
654,197302,57,,10,67,10051,1688,5,2.190821561319512,41.39150763537429,432350.845,4582535.471
655,700021,70,,8,45,8029,1511,16,2.183007332145008,41.43805463542956,431746.299,4587709.2
656,268003,520,,2,6,2032,1247,25,2.178451994923484,41.40732273961158,431333.362,4584300.974
657,142300,54,,2,6,2039,1910,25,2.17453266410543,41.408871383098806,431007.412,4584476.017
658,135509,5,,8,52,8083,1388,16,2.177901208142339,41.43924841342125,431320.975,4587845.771
659,84703,15,,4,20,4037,2256,28,2.1275713990049874,41.37920311743247,427049.185,4581220.753
660,184708,13,,6,32,6076,1246,25,2.167459816648671,41.40522303147263,430412.365,4584076.639
661,18505,69,,2,9,2135,2079,15,2.150062236642842,41.3811578037909,428931.972,4581419.072
662,175208,15,,1,1,1006,1845,1,2.1715352342785232,41.37984038284007,430726.067,4581255.428
663,120807,412,,8,52,8101,1765,16,2.1841874030912,41.44636942787165,431853.586,4588631.374
664,92701,20,,10,64,10018,1476,26,2.185135008943171,41.40839074144616,431893.062,4584414.266
665,128401,2,,7,43,7122,1431,31,2.162992582064949,41.42891787989689,430064.393,4586710.817
666,180900,5,,4,19,4020,1494,29,2.1417267330986025,41.38887425532421,428243.472,4582282.61
667,321004,22,,9,59,9010,1807,30,2.204371470157578,41.437270052289655,433530.329,4587605.472
668,183909,4,,1,2,1026,12589,2,2.178844025085084,41.38262938384951,431340.147,4581559.242
669,174908,37,,10,68,10062,1485,5,2.204521769725926,41.40136530358976,433506.271,4583619.249
670,242906,422,,10,69,10235,1421,19,2.2114434734876207,41.41129636763697,434094.895,4584716.493
671,270901,287,,10,68,10075,1539,5,2.205848565558754,41.405738402517954,433621.629,4584103.727
672,15201,188,,10,72,10122,1451,20,2.2033705236965924,41.41751148977424,433426.524,4585412.663
673,308709,42,,1,1,1009,2388,1,2.1654798792060963,41.37710933087022,430216.811,4580957.089
674,369408,226,,3,13,3212,2612,38,2.1375165628053443,41.362626589170674,427862.478,4579372.132
675,14504,19,,3,14,3045,1093,4,2.1481318875152557,41.37102590292266,428759.508,4580295.83
676,359109,22,,1,4,1055,1382,18,2.1813175405217198,41.391252698222665,431556.013,4582514.632
677,129007,12,,2,6,2051,1906,13,2.1753672400410617,41.40264212644616,431070.583,4583783.788
678,356803,21,,6,31,6052,1483,12,2.1570374974934783,41.403624023528664,429539.483,4583907.544
679,162002,94,,2,9,2111,1975,29,2.1434907049461778,41.38865601489771,428390.712,4582256.922
680,270107,287,,10,73,10132,1246,20,2.201099556824294,41.42162101970707,433240.949,4585870.647
681,89707,133,,3,16,3067,1752,14,2.1333117903977086,41.36904138271623,427517.91,4580087.798
682,67307,23,,1,1,1019,3083,1,2.1705890735075046,41.382374155876185,430649.643,4581537.48
683,152905,136,,7,35,7036,1497,41,2.1756251824009385,41.41747036327726,431107.812,4585429.797
684,701223,2,,1,4,1043,1797,3,2.18738521614605,41.38720142668982,432059.073,4582060.091
685,105552,13,,9,60,9035,1612,30,2.186955171866561,41.438922926411834,432077.02,4587802.492
686,38900,43,,5,23,5018,1305,34,2.126238271030887,41.39347736405124,426953.689,4582806.583
687,113404,65,,8,45,8035,7056,16,2.175247829730095,41.434330114525736,431094.105,4587301.853
688,254803,1,,1,1,1018,1635,1,2.16781233230038,41.38166827494123,430416.714,4581461.34
689,13909,2,,5,26,5065,1772,21,2.1460263249689695,41.3942146164859,428608.789,4582871.938
690,173009,84,,10,64,10003,1632,26,2.1827034088686728,41.41445846814977,431696.182,4585089.813
691,114804,16,,8,44,8004,1538,31,2.1674453643987976,41.42986152750602,430437.453,4586811.993
692,253006,40,,6,31,6037,1112,12,2.1510711165742764,41.406631537925655,429044.04,4584246.305
693,352008,40,,8,45,8035,7056,16,2.175635500334577,41.43503565356716,431127.24,4587379.873
694,302000,26,,5,25,5036,1818,22,2.134996819028759,41.40913877570572,427703.27,4584537.948
695,219802,8,,3,18,3100,1357,14,2.1358759573785457,41.37370268549639,427737.515,4580603.147
696,270901,421,,10,70,10093,1636,19,2.214638406704776,41.41229401075636,434362.924,4584824.824
697,269006,27,,1,4,1053,1848,3,2.1806631913917305,41.388810941833036,431498.744,4582244.069
698,201104,49,,6,31,6032,1169,24,2.1565982218382445,41.407610405660236,429507.074,4584350.465
699,216203,17,,9,60,9050,1574,30,2.1876922514605917,41.43115060347476,432130.501,4586939.036
700,191408,26,,5,27,5090,1956,23,2.1436305902584207,41.40815472256199,428423.805,4584421.529
701,192604,39,,7,33,7013,1232,25,2.1696202603908383,41.412380150483145,430600.564,4584869.481
702,138802,81,,3,18,3089,1209,28,2.134986223344598,41.377975238023545,427667.844,4581078.221
703,209900,103,,10,65,10039,1889,26,2.1865633604175416,41.40754421912234,432011.563,4584319.164
704,242203,6,,1,2,1026,12589,2,2.1785696073932908,41.38243007041149,431316.992,4581537.332
705,352008,50,,8,45,8035,7056,16,2.1749253780975186,41.4353444629643,431068.238,4587414.722
706,344101,425,,7,33,7010,1325,25,2.1721222101778705,41.41050797155523,430807.681,4584659.632
707,297602,1,,1,1,1021,2259,1,2.1647062526134295,41.38391106938032,430159.397,4581712.83
708,297001,181,,7,35,7039,1650,41,2.1781554715005718,41.41420450494278,431315.827,4585065.215
709,352008,17,,8,45,8036,1647,16,2.1750517571284265,41.43475029286424,431078.168,4587348.657
710,131100,11,,9,57,9003,2302,33,2.1903328834033298,41.45111897208768,432371.867,4589153.846
711,365407,13,,5,27,5098,1588,22,2.1403318033092344,41.411258982477555,428151.507,4584768.892
712,71009,32,,8,45,8028,1079,16,2.178275779924972,41.43417775888425,431346.924,4587282.533
713,288703,19,,7,33,7010,1325,25,2.1709586731229367,41.41071396217665,430710.653,4584683.431
714,100209,35,,8,45,8037,1637,16,2.1745701629138043,41.43397469365666,431037.111,4587262.934
715,142901,5,,10,73,10124,1049,20,2.205917241962235,41.41908496540236,433640.954,4585585.394
716,172006,19,,4,21,4053,1811,34,2.1139384062634035,41.38654384311192,425917.541,4582047.275
717,268003,496,,2,6,2027,2073,25,2.177231575451471,41.4064104691377,431230.394,4584200.663
718,129700,29,,8,54,8108,2271,33,2.177849805239617,41.45559672100968,431333.921,4589660.794
719,295709,63,,9,59,9009,1419,30,2.198486635496734,41.43558237090846,433036.95,4587422.642
720,369408,252,,3,13,3036,2422,38,2.1363383091145427,41.364242639865274,427765.716,4579552.524
721,700664,27,,10,67,10053,1669,5,2.1968827291625095,41.392431197662894,432858.527,4582633.289
722,311703,146,,10,66,10042,3713,18,2.1944827649557466,41.401923938669526,432667.684,4583689.022
723,308505,97,,1,1,1004,3097,1,2.169821104381011,41.37688577496325,430579.593,4580928.784
724,71600,51,,2,7,2073,1800,10,2.1749309953392104,41.39267211457962,431023.577,4582677.278
725,266904,56,,1,4,1044,1412,3,2.182931658840083,41.38717019460936,431686.685,4582060.125
726,61800,17,,3,15,3053,2278,14,2.1460140192309516,41.374948024892305,428586.682,4580733.0
727,60807,47,,10,72,10116,1936,20,2.198811140793599,41.421403924265654,433049.496,4585848.312
728,179901,84,,7,42,7102,1123,32,2.1544026022678184,41.42802295459465,429345.686,4586618.437
729,87009,313,,2,8,2109,2232,29,2.1443755244561635,41.39099318022745,428467.251,4582515.66
730,700658,10,,6,30,6021,1403,24,2.152775592175354,41.40957443106763,429189.702,4584571.627
731,180401,9,,10,68,10071,1719,5,2.2072369546296615,41.40155316839085,433733.425,4583638.025
732,289105,255,,2,7,2083,2002,8,2.159644756880765,41.395194711209875,429748.34,4582969.615
733,173202,16,,3,17,3084,1455,28,2.128252819149384,41.376704896017465,427103.375,4580942.831
734,187207,46,,3,17,3082,1884,28,2.1256681126354016,41.37726979206078,426887.869,4581007.722
735,143904,227,,5,27,5089,1823,23,2.14537817379395,41.405773602702915,428567.263,4584155.737
736,224405,155,,7,37,7064,1685,32,2.155607101854311,41.42055065550598,429438.24,4585787.886
737,203201,22,,7,35,7032,1514,41,2.174123762291066,41.41913018253232,430984.096,4585615.264
738,212406,62,,3,14,3040,2019,38,2.140331309381134,41.367301259381385,428103.05,4579888.767
739,344906,10,,9,60,9045,1421,30,2.184451460545715,41.4351840151961,431863.944,4587389.368
740,350308,412,,2,6,2052,1834,13,2.1752049665513478,41.401490031343435,431055.801,4583656.013
741,64105,6,,1,4,1045,2056,3,2.1801208572324966,41.38460828898758,431448.987,4581777.926
742,110803,192,,2,9,2124,1148,29,2.1441321022552238,41.38465400665533,428439.949,4581812.095
743,343302,12,,3,14,3040,2019,4,2.1418134309945693,41.36832765119209,428228.134,4580001.487
744,277503,26,,1,2,1027,1622,2,2.1800443759154677,41.381062699294496,431438.868,4581384.361
745,97400,6,,3,18,3101,6718,14,2.136670388534607,41.37355884447082,427803.791,4580586.516
746,189202,3,,3,11,3023,1839,4,2.1660038230129777,41.371532685872324,430254.667,4580337.558
747,255602,171,,8,56,8116,1440,33,2.1851233549597042,41.46627486847927,431952.578,4590840.534
748,356406,13,,7,41,7099,1038,35,2.149377560451611,41.43277557891291,428930.996,4587150.183
749,352008,31,,8,45,8036,1647,16,2.174743552140092,41.43485591939767,431052.53,4587360.629
750,46205,5,,1,4,1047,1781,3,2.17860390893407,41.384366769722526,431321.898,4581752.314
751,112605,42,,3,18,3094,1244,28,2.132002117706074,41.37595362068099,427416.064,4580856.279
752,268003,100,,2,9,2120,1185,29,2.148663049751466,41.384936361533796,428819.098,4581839.71
753,141206,22,,7,35,7029,1309,41,2.171150826289588,41.41956610270427,430736.118,4585666.033
754,18505,114,,2,9,2139,1743,15,2.1545181950110557,41.38423606244356,429307.897,4581757.171
755,281806,42,,3,11,3002,1913,4,2.157323032770935,41.37260542811903,429529.862,4580463.673
756,173905,150,,3,16,3062,1707,14,2.136180074405657,41.371132032896156,427760.103,4580317.504
757,343903,308,,4,19,4013,1217,29,2.1375725885567327,41.38813073670929,427895.337,4582203.514
758,55002,55,,7,37,7065,1856,32,2.1557324113763165,41.421400095382566,429449.631,4585882.088
759,206403,186,,6,31,6039,1635,12,2.1524421988841262,41.40300051727362,429154.696,4583842.071
760,141206,82,,7,36,7052,1347,32,2.1692302727694965,41.42166931844855,430577.863,4585901.068
761,170758,49,,9,60,9024,1218,30,2.193755748519956,41.433591706651995,432639.643,4587205.31
762,169409,1087,,10,72,10122,1451,20,2.2031784663498546,41.41626537184733,433409.201,4585274.468
763,214605,66,,8,52,8089,1220,16,2.1807919722982234,41.44400668225737,431567.474,4588371.742
764,230601,375,,3,13,3035,2269,38,2.1393802899149468,41.36296925467551,428018.738,4579408.625
765,28305,19,,2,7,2076,1592,10,2.1747088743940695,41.390804022445785,431003.032,4582470.062
766,186408,49,,8,50,8065,1868,42,2.17435047361095,41.449148291883795,431034.824,4588947.674
767,363809,179,,2,8,2103,1699,36,2.152106537448514,41.38858258876427,429110.974,4582241.686
768,14504,22,,3,14,3042,1401,4,2.1478164434878573,41.371278210119684,428733.403,4580324.1
769,89004,281,,2,8,2091,1857,11,2.1612317117366806,41.3878708788819,429873.136,4582155.248
770,350308,28,,2,9,2132,1037,15,2.1466390118773626,41.379999295038495,428644.468,4581293.269
771,350308,595,,10,64,10019,1589,26,2.1852200794123933,41.40927429331259,431901.095,4584512.29
772,289105,432,,2,6,2035,1363,25,2.1751609516194303,41.40658911498863,431057.512,4584222.142
773,322608,239,,10,72,10114,1606,20,2.1975808502755427,41.41737036248186,432942.538,4585401.462
774,318804,98,,5,26,5063,1615,21,2.142885550605359,41.39806568111605,428350.451,4583302.071
775,12407,28,,1,4,1050,1593,3,2.17631455576591,41.38807376842043,431134.392,4582165.676
776,178308,363,,7,33,7004,1587,25,2.170584751495359,41.408900160993426,430677.473,4584482.364
777,3803,12,,3,15,3052,1459,14,2.1434147190183,41.37360609435289,428367.845,4580586.166
778,90502,655,,10,64,10009,1684,26,2.177899394216442,41.41060443269578,431290.632,4584665.742
779,365600,69,,9,57,9002,2313,33,2.1928236487244437,41.452196757676155,432581.028,4589271.558
780,3202,47,,7,35,7045,1723,41,2.175956943327561,41.42149423882152,431139.788,4585876.26
781,266405,231,,10,73,10135,1198,20,2.1989509419277176,41.426312910919776,433066.22,4586393.195
782,83609,67,,6,30,6018,1401,24,2.151361704806001,41.41141182109816,429073.528,4584776.769
783,273706,28,,5,24,5023,1483,17,2.1268271352824333,41.39650420613395,427006.305,4583142.123
784,73503,52,,8,54,8109,965,33,2.172066555575009,41.45396499271337,430849.166,4589484.245
785,102805,18,,2,8,2090,1787,7,2.1600791459810553,41.389196410901135,429778.199,4582303.34
786,13909,58,,5,26,5063,1615,21,2.1432481842697544,41.39637487524198,428378.909,4583114.06
787,242906,165,,10,68,10056,1877,5,2.195786149523507,41.39982668014122,432774.472,4583455.175
788,172403,141,,4,19,4033,1171,28,2.131570763164389,41.38232730592319,427387.083,4581564.237
789,296508,35,,2,10,2166,2099,11,2.1633217399105282,41.38178287523365,430041.353,4581477.678
790,700678,2,,10,67,10053,1669,5,2.195019806624862,41.39113939235212,432701.451,4582491.32
791,34308,96,,1,2,1028,2024,2,2.1726502364515317,41.38214997995035,430821.749,4581510.945
792,1309,10,,9,62,9078,1545,27,2.1782871647525384,41.42424513769035,431337.41,4586179.812
793,213908,24,,2,10,2157,1284,15,2.157178059348382,41.37702568344864,429522.51,4580954.52
794,17579,97,,10,68,10069,2884,5,2.204026535130507,41.406933211961395,433470.554,4584237.771
795,305507,189,,10,68,10068,1610,18,2.1972292738916517,41.405215511450585,432900.65,4584052.317
796,701537,1,,3,13,3039,2760,38,2.141376529537416,41.36397712171719,428186.811,4579518.861
797,68401,11,,3,17,3078,1754,28,2.1264750979274725,41.37490738601311,426952.707,4580744.771
798,330504,64,,3,11,3024,2031,4,2.163470550666136,41.371608408523635,430042.894,4580348.006
799,152508,12,,5,27,5082,1701,6,2.149197767786804,41.4029947125625,428883.493,4583844.085
800,286504,129,,2,7,2067,1715,13,2.1750957345471655,41.396807044916436,431041.72,4583136.201
801,223606,482,,5,26,5078,2121,6,2.138284589336534,41.40268409304746,427970.935,4583818.617
802,68401,110,,3,17,3070,1459,28,2.130210498484224,41.37073446605565,427260.429,4580278.359
803,107900,18,,9,60,9037,1743,30,2.1894466405240918,41.44110009458111,432287.426,4588042.248
804,340406,110,,6,31,6030,1373,24,2.158481597725158,41.4080247227291,429664.938,4584394.931
805,54509,66,,2,10,2158,1676,15,2.156925485562901,41.37840787488813,429502.882,4581108.174
806,225500,355,,6,32,6066,1006,25,2.1656922815172988,41.40562634662224,430265.056,4584122.836
807,170758,39,,9,60,9016,1261,30,2.1948764018341635,41.432445385785456,432732.089,4587077.175
808,45100,7,,7,33,7007,1398,25,2.1668374927139578,41.41154057762133,430367.094,4584778.506
809,131202,8,,5,27,5094,2827,22,2.138035247847488,41.40925147399224,427957.348,4584547.928
810,8705,50,,10,70,10086,2121,19,2.2126981997275568,41.41809290763247,434206.621,4585470.083
811,109203,34,,6,31,6061,1377,12,2.1594750699480274,41.405966462234396,429745.757,4584165.619
812,76807,291,,2,6,2052,1834,13,2.1744472204229606,41.40241271958285,430993.437,4583759.052
813,80258,7,,9,61,9066,1468,27,2.189769351433846,41.42052973231294,432293.014,4585758.29
814,186102,88,,7,35,7039,1650,41,2.174312327464943,41.413429403942295,430993.82,4584982.219
815,255500,137,,8,45,8023,1477,16,2.1778471123909293,41.431606710309865,431308.399,4586997.437
816,700663,18,,10,67,10053,1669,5,2.1962957161783017,41.391529365332964,432808.523,4582533.624
817,307604,22,,3,18,3096,1593,28,2.1329720623409694,41.37445186762836,427495.506,4580688.745
818,352008,42,,8,45,8035,7056,16,2.1753993033090753,41.43514686901523,431107.624,4587392.408
819,128208,113,,9,59,9013,2168,30,2.2070607430255738,41.43477083178916,433752.461,4587325.949
820,90105,89,,5,26,5079,1333,6,2.1438407241757593,41.402326279188316,428434.973,4583774.288
821,118703,41,,4,19,4008,1036,14,2.1339712379506026,41.38304618186191,427588.596,4581642.037
822,365000,97,,3,18,3087,1551,28,2.131525285937204,41.379277965925866,427379.888,4581225.742
823,122609,18,,1,1,1017,2805,1,2.165684297955263,41.38211549998854,430239.255,4581512.701
824,346800,14,,10,68,10059,1839,5,2.2053477065036193,41.39810667440078,433571.993,4583256.847
825,323101,22,,5,27,5084,1396,6,2.1477407709098437,41.40557379537111,428764.522,4584131.609
826,326052,5,,9,61,9156,1267,27,2.1868317703411506,41.42719443299136,432054.481,4586500.5
827,181608,150,,10,66,10042,3713,18,2.192902472654373,41.40416019761815,432537.901,4583938.518
828,329800,77,,1,1,1021,2259,1,2.166275790754528,41.38487781632409,430291.663,4581818.893
829,28305,52,,2,7,2074,1259,10,2.1772662002310534,41.39244473249572,431218.564,4582650.178
830,129459,2,,3,11,3004,1544,4,2.1557968928795033,41.37442548128856,429404.203,4580666.974
831,89004,142,,2,9,2142,1978,15,2.1539626059369734,41.3817468240668,429258.745,4581481.273
832,341409,24,,8,50,8067,1987,42,2.177077301101765,41.44703617147229,431260.364,4588711.018
833,222603,70,,3,15,3052,1459,14,2.1426232074360017,41.37429633701171,428302.412,4580663.45
834,700904,20,,8,44,8009,1797,31,2.173044728368655,41.42668275926516,430901.931,4586454.605
835,70403,214,,8,51,8081,1747,42,2.1755120982576126,41.44130680752986,431123.561,4588076.191
836,9901,74,,8,50,8073,1998,42,2.1741270353254656,41.44495469784036,431011.718,4588482.281
837,195409,248,,10,73,10129,1124,20,2.2045973180026635,41.4212266601938,433532.835,4585824.175
838,105304,252,,10,64,10015,2043,13,2.180501000617994,41.408367637108846,431505.721,4584415.355
839,195500,52,,3,11,3013,1792,4,2.1630996201319967,41.372544512401554,430012.877,4580452.23
840,332204,6,,5,26,5074,1661,21,2.1456077008093284,41.3980032655689,428577.94,4583292.894
841,164609,6,,7,37,7076,1495,32,2.155274695618382,41.42518024322082,429415.476,4586302.13
842,139805,127,,5,24,5026,1430,22,2.131472507112947,41.40263992488791,427401.472,4583819.4
843,219904,26,,8,46,8040,2025,31,2.1702285083598762,41.43359792565079,430673.971,4587224.573
844,237804,42,,6,29,6017,1497,23,2.151919618261786,41.41687122445082,429126.092,4585382.41
845,74109,75,,8,48,8057,1392,42,2.170409490406348,41.44099258653571,430696.959,4588045.379
846,213704,17,,9,57,9005,2020,33,2.1896914328975536,41.450440862652464,432317.584,4589079.064
847,290807,74,,7,35,7037,1564,41,2.1759124221463177,41.418945564928286,431133.375,4585593.344
848,86200,97,,10,72,10110,1980,20,2.196401493003472,41.415028564794845,432841.567,4585142.392
849,206200,27,,2,6,2052,1834,13,2.1740136350484516,41.402107568604634,430956.871,4583725.52
850,42306,151,,10,71,10096,1664,18,2.197945133839754,41.406848463573056,432962.164,4584233.051
851,701624,5,,3,13,3030,1660,38,2.139578876709906,41.357329315400406,428029.134,4578782.325
852,189100,23,,1,4,1049,1469,3,2.178203641477447,41.387370368041786,431291.593,4582086.086
853,190100,25,,8,45,8025,1329,16,2.1763133364709217,41.43214017585544,431180.813,4587057.88
854,73900,298,,2,6,2037,1191,25,2.176255710735577,41.40822394354818,431150.742,4584402.768
855,329800,43,,1,1,1021,2259,1,2.1682039421350927,41.3848086495623,430452.805,4581809.665
856,225500,284,,6,32,6072,1689,25,2.1693948335962063,41.40309873927852,430571.843,4583839.25
857,180208,77,,2,8,2106,1430,36,2.149585810803827,41.3927290988023,428904.742,4582704.091
858,359700,79,,8,50,8068,2039,42,2.1754822064249306,41.44765187320529,431127.774,4588780.641
859,36201,9,,10,64,10014,1408,26,2.1834608150985715,41.408676821342446,431753.43,4584447.344
860,85808,10,,9,63,9083,1754,27,2.1834280423321704,41.420212116616796,431762.765,4585728.006
861,252808,14,,6,31,6049,1135,12,2.1557895932153848,41.40084670314259,429432.169,4583600.225
862,322007,106,,9,60,9018,1450,30,2.195087986040896,41.430410768380234,432747.667,4586851.129
863,128900,36,,1,4,1048,2263,3,2.1788938945738447,41.387283959619616,431349.213,4582075.946
864,218606,52,,3,11,3022,1442,4,2.1690208837710534,41.371776350340994,430507.239,4580362.186
865,286504,88,,2,5,2002,5278,13,2.1794846173670845,41.393757654222306,431405.408,4582794.178
866,122201,5,,3,17,3073,1631,28,2.1296576623090084,41.37485077637362,427218.784,4580735.809
867,260103,19,,1,4,1046,1919,3,2.1795274841343573,41.3838614616921,431398.589,4581695.484
868,18505,412,,2,5,2018,1851,13,2.1747019165088406,41.39935130628612,431011.489,4583418.975
869,365509,12,,5,27,5083,1275,6,2.1498406362405644,41.40434084939786,428938.696,4583993.004
870,235208,27,,3,18,3101,6718,14,2.1365869130788875,41.373280083894876,427796.502,4580555.638
871,178308,167,,2,5,2010,1223,13,2.1831073936110483,41.39941940636183,431714.199,4583419.876
872,9800,26,,8,51,8078,1720,42,2.1739527938839593,41.44306243711147,430995.158,4588272.342
873,359903,22,,10,68,10059,1839,5,2.2076083485201643,41.39924888772029,433762.13,4583381.923
874,354706,32,,7,40,7095,1636,35,2.141144589939539,41.432190203669755,428242.485,4587091.986
875,238705,7,,5,27,5097,1716,23,2.140320834462612,41.40771025551619,428146.68,4584374.925
876,342900,37,,2,7,2075,1212,10,2.1770017279990808,41.3899461764882,431193.819,4582373.002
877,257608,26,,10,65,10028,1808,26,2.1877120225056723,41.41370284874375,432113.983,4585001.987
878,122303,97,,8,48,8051,1340,42,2.164503270926181,41.4386913739371,430201.09,4587794.645
879,334753,55,,9,59,9015,2047,20,2.207047378880955,41.42955202020123,433746.038,4586746.571
880,333808,13,,3,18,3095,1624,28,2.1318121966274157,41.37450201358509,427398.568,4580695.283
881,263101,4,,8,45,8026,1466,16,2.174284337358678,41.43216073260569,431011.31,4587061.777
882,700800,84,,5,22,5002,1654,17,2.10887376901169,41.42659047010611,425539.827,4586497.556
883,205309,15,,9,61,9061,1841,27,2.1931851382210135,41.426049045668606,432584.166,4586368.374
884,37601,69,,3,15,3048,1974,14,2.1443963176272254,41.37799129539916,428454.738,4581072.193
885,235208,7,,3,18,3101,6718,14,2.136294254873992,41.37487915457697,427773.797,4580733.408
886,177305,22,,1,1,1009,2388,1,2.1663491043906,41.376665516446636,430289.023,4580907.118
887,361406,100,,2,10,2161,1150,15,2.1578636304435195,41.37942338865074,429582.425,4581220.152
888,312400,77,,3,18,3101,6718,14,2.1371378584476406,41.37526743837681,427844.772,4580775.812
889,187400,10,,9,57,9004,1837,33,2.192210380764226,41.449609737537614,432527.124,4588984.826
890,113404,151,,8,45,8032,1287,16,2.176782724476726,41.43652152985221,431224.656,4587543.922
891,76501,28,,1,1,1011,3772,1,2.1656764331183163,41.378626947609376,430234.869,4581125.414
892,54906,47,,5,24,5029,1671,17,2.1289035181808225,41.40078645530563,427184.664,4583615.786
893,700761,8,,4,20,4047,1929,28,2.1085627586689224,41.381698461406174,425462.552,4581513.957
894,197302,299,,2,6,2044,1312,25,2.171700037096182,41.406447847600376,430768.086,4584209.219
895,350308,678,,10,65,10031,1584,26,2.1898077096122526,41.41243075450681,432287.808,4584859.12
896,287201,22,,2,9,2133,874,15,2.1454467916485878,41.3811703233183,428546.059,4581424.257
897,328808,103,,3,17,3070,1459,28,2.130579368264572,41.37147851877971,427292.106,4580360.653
898,700037,30,,10,73,10138,3322,20,2.2057615993959168,41.42660045019973,433635.6,4586419.875
899,25001,18,,9,60,9036,1504,30,2.187701218231925,41.4405985894731,432141.092,4587987.938
900,244901,11,,3,16,3067,1752,14,2.1343434930395837,41.3686884510758,427603.802,4580047.754
901,86200,324,,10,73,10142,1736,20,2.208630733687451,41.422367302793035,433871.044,4585947.72
902,255704,19,,9,62,9081,1810,27,2.1824322814027726,41.422305323625416,431681.747,4585961.177
903,318906,11,,10,73,10135,1198,20,2.1970318810750444,41.42325464174372,432902.718,4586055.154
904,90309,13,,6,32,6072,1689,25,2.171088009279,41.404015166512835,430714.346,4583939.635
905,212304,46,,8,50,8068,2039,42,2.1750053924703967,41.447701733507024,431087.998,4588786.556
906,127704,68,,2,10,2167,2244,15,2.158131158465554,41.37807385794835,429603.34,4581070.112
907,309600,15,,5,23,5004,1052,17,2.116724851912071,41.40671780122501,426173.348,4584284.586
908,134007,69,,9,59,9015,2047,30,2.203719715258701,41.43297614281135,433471.494,4587129.266
909,26208,96,,7,35,7032,1514,41,2.174447731015359,41.41898722631678,431011.018,4585599.135
910,152905,28,,7,33,7018,1715,24,2.1639512982751836,41.41147109946166,430125.799,4584773.117
911,224802,17,,10,64,10024,1575,26,2.1857401296760193,41.412687296633514,431948.123,4584890.789
912,244800,5,,10,71,10102,2663,20,2.2065438249446703,41.416515006449075,433690.702,4585299.6
913,305100,162,,6,32,6068,1592,37,2.1659287679738344,41.40248983595331,430281.47,4583774.434
914,121708,7,,4,20,4037,2256,28,2.126196014360194,41.379524013421346,426934.536,4581257.537
915,143904,92,,5,26,5049,1746,21,2.135241586116493,41.40015929084918,427713.776,4583540.851
916,103003,53,,8,46,8038,1721,31,2.173324367750723,41.43280535569784,430931.787,4587134.108
917,12600,76,,3,13,3031,2534,38,2.141860838135251,41.35898934915475,428221.837,4578964.727
918,14708,8,,8,53,8103,1871,33,2.181735310695203,41.44745825844218,431649.899,4588754.189
919,320704,53,,4,19,4018,1565,29,2.142695830596324,41.39051680030797,428326.299,4582464.161
920,296257,12,,9,60,9044,1593,30,2.1885657163867696,41.43389168950352,432206.333,4587242.665
921,335508,14,,9,58,9006,1322,30,2.200752245507016,41.448141869824944,433239.108,4588815.24
922,121402,139,,9,62,9081,1810,27,2.183703891460656,41.422643377640185,431788.361,4585997.705
923,90502,373,,6,31,6057,1532,37,2.162658340747161,41.399184932915624,430004.552,4583410.165
924,261707,67,,5,23,5004,1052,17,2.121093107318229,41.4076455869602,426539.508,4584383.874
925,123000,16,,5,26,5060,1143,21,2.1407074436393665,41.39587807209849,428165.964,4583061.009
926,182509,22,,10,70,10086,2121,19,2.2123340424816718,41.4187982404383,434176.901,4585548.665
927,273400,39,,3,11,3011,1823,4,2.1608552856837075,41.37323094423175,429825.927,4580530.251
928,90502,265,,2,8,2085,1447,8,2.155311073220489,41.3936312173965,429384.359,4582799.561
929,298810,7,,3,13,3029,1291,38,2.1366209102034563,41.35933635392808,427783.928,4579007.602
930,49509,112,,2,7,2065,1952,9,2.167959616957582,41.3956464340285,430443.93,4583013.056
931,81603,182,,10,65,10031,1584,26,2.190111884665206,41.41236738470764,432313.164,4584851.847
932,289207,10,,3,18,3101,6718,14,2.137331248053126,41.373447414562776,427858.933,4580573.595
933,290308,68,,9,60,9045,1421,30,2.185891625355458,41.43454372537812,431983.597,4587317.151
934,15201,206,,10,73,10123,1349,20,2.204489932287906,41.41809147111925,433520.664,4585476.192
935,178807,92,,3,15,3053,2278,14,2.1471278950182544,41.3743812818358,428679.21,4580669.164
936,332703,5,,8,44,8004,1538,31,2.1693067374825366,41.4299329459054,430593.054,4586818.428
937,131202,9,,5,27,5094,2827,22,2.1379650035653808,41.40998099387738,427952.283,4584628.977
938,27903,26,,10,70,10089,7337,19,2.2107928832896078,41.41682780539023,434046.116,4585331.082
939,147508,28,,6,28,6007,2012,23,2.142395239122927,41.41199454682973,428324.773,4584848.844
940,229409,31,,8,52,8090,1335,16,2.18208164562365,41.44310609998769,431674.263,4588270.741
941,108007,19,,3,11,3013,1792,4,2.164169916247535,41.372771480826216,430102.626,4580476.564
942,352100,23,,1,1,1018,1635,1,2.1652885503527175,41.38357109981792,430207.721,4581674.618
943,340406,152,,6,31,6029,1441,24,2.1572109592353477,41.409303535896484,429560.117,4584537.936
944,37204,5,,1,2,1029,1522,2,2.1755954867523477,41.38105899653374,431066.864,4581387.479
945,324308,12,,1,4,1052,2410,3,2.176860771051755,41.38913612274087,431181.18,4582283.183
946,15201,170,,10,72,10122,1451,20,2.202674896434034,41.416754519912885,433367.617,4585329.16
947,286504,115,,2,7,2068,1721,13,2.176060949102763,41.39607081522212,431121.631,4583053.698
948,274200,2,,7,34,7021,1094,24,2.1603508646869294,41.41396967331565,429827.573,4585053.417
949,262801,3,,8,44,8009,1797,31,2.1728957281108086,41.42699691287599,430889.814,4586489.601
950,143904,97,,5,25,5048,1283,22,2.1345414326691725,41.399959356765734,427655.027,4583519.239
951,76807,69,,10,66,10045,1262,18,2.186475017494558,41.39331513016298,431989.345,4582739.539
952,97807,48,,7,43,7121,1268,32,2.15968743650237,41.42834688061559,429787.616,4586650.1
953,58554,27,,4,19,4010,880,14,2.132510629052817,41.384242356279024,427467.798,4581776.056
954,339101,10,,9,60,9027,1308,30,2.191381466587781,41.43682227974482,432444.624,4587565.816
955,208704,5,,7,43,7117,4580,32,2.1607560017486898,41.429936081578745,429878.611,4586825.666
956,163107,12,,9,60,9050,1574,30,2.186003099138593,41.43098039425422,431989.191,4586921.465
957,241608,38,,9,63,9093,1293,27,2.1887608343437663,41.416776266460495,432204.833,4585342.373
958,162002,52,,2,9,2125,1689,29,2.142884625328137,41.38464299155904,428335.633,4581811.903
959,82209,5,,9,61,9067,1496,27,2.187643585773657,41.42184546850915,432116.743,4585906.026
960,304606,4,,6,30,6023,1279,24,2.1565883719053427,41.413630773755095,429512.759,4585018.848
961,700033,14,,10,73,10137,1631,20,2.201171842596425,41.429979237605686,433255.55,4586798.513
962,105304,317,,2,6,2040,1783,25,2.176094923282189,41.41141694290105,431140.675,4584757.379
963,289400,3,,3,18,3093,1456,28,2.1301833645462582,41.37774847879247,427265.974,4581057.066
964,98209,20,,10,64,10020,1507,26,2.1838625323723364,41.41117673415643,431789.621,4584724.565
965,246805,59,,5,26,5062,1651,21,2.1415128135176724,41.396577201208025,428234.06,4583137.958
966,268309,15,,3,11,3003,1618,4,2.1561767151042877,41.37416121205082,429435.68,4580637.326
967,212304,103,,8,50,8066,1742,42,2.176447965346674,41.449179883028236,431210.059,4588949.512
968,238400,208,,2,6,2025,1198,13,2.1798662374908053,41.40412012065912,431448.202,4583944.303
969,150706,1,,1,2,1026,12589,2,2.179812903529729,41.38152706280768,431420.001,4581436.097
970,38604,12,,4,20,4038,1231,28,2.125295343486725,41.3781725562411,426857.709,4581108.26
971,349706,202,,2,8,2103,1699,36,2.1508821169518675,41.38817530182312,429008.161,4582197.472
972,295403,29,,8,46,8042,1334,31,2.1728938888843508,41.431955408853284,430894.919,4587040.091
973,266405,200,,10,73,10139,1733,20,2.204692556392934,41.42276982028754,433542.367,4585995.422
974,138802,111,,3,18,3089,1209,28,2.134538976156532,41.37892420339143,427631.497,4581183.947
975,17579,3,,10,68,10066,2077,5,2.1992395735159818,41.40296291970661,433066.37,4583800.682
976,225500,102,,2,5,2002,5278,13,2.180558620261165,41.39464836761316,431496.13,4582892.214
977,186408,10,,8,50,8065,1868,42,2.1729655201779834,41.44798878952127,430917.91,4588820.051
978,84703,12,,4,20,4037,2256,28,2.1270270928969337,41.379879434560586,427004.427,4581296.295
979,67001,11,,6,30,6023,1279,24,2.1561223350911254,41.41517820764154,429475.484,4585191.022
980,168803,11,,7,39,7093,1852,35,2.1390413129764334,41.42643071895663,428060.396,4586454.317
981,325800,25,,2,6,2049,2119,25,2.173639450365714,41.40478160054613,430928.425,4584022.686
982,323101,52,,5,27,5085,1355,6,2.145688439683922,41.404564797755626,428591.873,4584021.281
983,301608,143,,3,14,3041,1400,4,2.1424312044546947,41.36860159993617,428280.101,4580031.389
984,321605,113,,6,32,6085,1357,24,2.161641320664531,41.4106085067998,429931.81,4584679.219
985,349706,151,,2,9,2118,1446,36,2.151804031979399,41.38703984178285,429084.006,4582070.66
986,69404,20,,7,34,7024,1574,24,2.1617483792674714,41.41582793472281,429946.366,4585258.588
987,275304,93,,7,37,7069,1541,32,2.1550111586650944,41.42203362683793,429390.046,4585953.01
988,40800,23,,7,37,7079,1573,32,2.1539759750747334,41.42450630158825,429306.224,4586228.369
989,289105,251,,2,7,2083,2002,8,2.159008502551302,41.39515091591504,429695.103,4582965.269
990,329902,130,,2,10,2168,2320,15,2.1594262467988377,41.377355319882845,429710.862,4580989.29
991,308709,32,,1,1,1009,2388,1,2.166162032965252,41.37658902022555,430273.298,4580898.776
992,110202,35,,5,23,5006,1807,34,2.117740984054699,41.397448757088256,426247.8,4583254.681
993,23709,15,,8,52,8091,1463,16,2.1821303272171813,41.44232847448811,431677.514,4588184.371
994,365407,16,,5,27,5096,1166,22,2.1399083348945305,41.41108442349388,428115.922,4584749.864
995,144306,21,,6,32,6082,3330,24,2.1631420104824355,41.40681724161616,430053.169,4584257.104
996,76807,324,,2,6,2049,2119,25,2.1729419420719362,41.40382677644616,430869.111,4583917.239
997,169409,1147,,10,73,10125,1112,20,2.206898548630507,41.41942091236489,433723.301,4585621.939
998,96804,6,,1,2,1025,1483,2,2.17786991077455,41.38337187173365,431259.479,4581642.444
999,120807,53,,8,49,8063,1075,42,2.1681728823227195,41.44269040464296,430511.925,4588235.663
