Data_Referencia;Codi_Districte;Nom_Districte;Codi_Barri;Nom_Barri;AEB;Seccio_Censal;Valor
01/01/2026;1;Ciutat Vella;1;el Raval;1;1001;1423
01/01/2026;1;Ciutat Vella;1;el Raval;1;1002;1410
01/01/2026;1;Ciutat Vella;1;el Raval;2;1003;3829
01/01/2026;1;Ciutat Vella;1;el Raval;2;1004;3097
01/01/2026;1;Ciutat Vella;1;el Raval;3;1005;2583
01/01/2026;1;Ciutat Vella;1;el Raval;3;1006;1845
01/01/2026;1;Ciutat Vella;1;el Raval;3;1007;2211
01/01/2026;1;Ciutat Vella;1;el Raval;4;1008;3402
01/01/2026;1;Ciutat Vella;1;el Raval;4;1009;2388
01/01/2026;1;Ciutat Vella;1;el Raval;4;1010;2666
01/01/2026;1;Ciutat Vella;1;el Raval;5;1011;3772
01/01/2026;1;Ciutat Vella;1;el Raval;5;1012;2139
01/01/2026;1;Ciutat Vella;1;el Raval;5;1013;1472
01/01/2026;1;Ciutat Vella;1;el Raval;6;1014;1773
01/01/2026;1;Ciutat Vella;1;el Raval;6;1015;2630
01/01/2026;1;Ciutat Vella;1;el Raval;6;1016;2172
01/01/2026;1;Ciutat Vella;1;el Raval;6;1017;2805
01/01/2026;1;Ciutat Vella;1;el Raval;7;1018;1635
01/01/2026;1;Ciutat Vella;1;el Raval;7;1019;3083
01/01/2026;1;Ciutat Vella;1;el Raval;7;1020;2269
01/01/2026;1;Ciutat Vella;1;el Raval;8;1021;2259
01/01/2026;1;Ciutat Vella;2;el Barri Gòtic;9;1022;1443
01/01/2026;1;Ciutat Vella;2;el Barri Gòtic;9;1023;2296
01/01/2026;1;Ciutat Vella;2;el Barri Gòtic;10;1025;1483
01/01/2026;1;Ciutat Vella;2;el Barri Gòtic;10;1026;12589
01/01/2026;1;Ciutat Vella;2;el Barri Gòtic;10;1027;1622
01/01/2026;1;Ciutat Vella;2;el Barri Gòtic;11;1028;2024
01/01/2026;1;Ciutat Vella;2;el Barri Gòtic;11;1029;1522
01/01/2026;1;Ciutat Vella;2;el Barri Gòtic;12;1030;2543
01/01/2026;1;Ciutat Vella;2;el Barri Gòtic;12;1031;1790
01/01/2026;1;Ciutat Vella;3;la Barceloneta;13;1032;1748
01/01/2026;1;Ciutat Vella;3;la Barceloneta;13;1033;1083
01/01/2026;1;Ciutat Vella;3;la Barceloneta;13;1034;997
01/01/2026;1;Ciutat Vella;3;la Barceloneta;14;1035;1151
01/01/2026;1;Ciutat Vella;3;la Barceloneta;14;1036;1147
01/01/2026;1;Ciutat Vella;3;la Barceloneta;15;1037;1304
01/01/2026;1;Ciutat Vella;3;la Barceloneta;15;1038;1428
01/01/2026;1;Ciutat Vella;3;la Barceloneta;15;1039;1344
01/01/2026;1;Ciutat Vella;3;la Barceloneta;15;1040;1076
01/01/2026;1;Ciutat Vella;3;la Barceloneta;15;1041;1543
01/01/2026;1;Ciutat Vella;3;la Barceloneta;15;1042;1844
01/01/2026;1;Ciutat Vella;4;Sant Pere, Santa Caterina i la Ribera;16;1043;1797
01/01/2026;1;Ciutat Vella;4;Sant Pere, Santa Caterina i la Ribera;16;1044;1412
01/01/2026;1;Ciutat Vella;4;Sant Pere, Santa Caterina i la Ribera;16;1045;2056
01/01/2026;1;Ciutat Vella;4;Sant Pere, Santa Caterina i la Ribera;16;1046;1919
01/01/2026;1;Ciutat Vella;4;Sant Pere, Santa Caterina i la Ribera;17;1047;1781
01/01/2026;1;Ciutat Vella;4;Sant Pere, Santa Caterina i la Ribera;17;1048;2263
01/01/2026;1;Ciutat Vella;4;Sant Pere, Santa Caterina i la Ribera;17;1049;1469
01/01/2026;1;Ciutat Vella;4;Sant Pere, Santa Caterina i la Ribera;18;1050;1593
01/01/2026;1;Ciutat Vella;4;Sant Pere, Santa Caterina i la Ribera;18;1051;1825
01/01/2026;1;Ciutat Vella;4;Sant Pere, Santa Caterina i la Ribera;18;1052;2410
01/01/2026;1;Ciutat Vella;4;Sant Pere, Santa Caterina i la Ribera;19;1053;1848
01/01/2026;1;Ciutat Vella;4;Sant Pere, Santa Caterina i la Ribera;19;1054;1234
01/01/2026;1;Ciutat Vella;4;Sant Pere, Santa Caterina i la Ribera;19;1055;1382
01/01/2026;2;Eixample;5;el Fort Pienc;20;2001;1344
01/01/2026;2;Eixample;5;el Fort Pienc;20;2002;5278
01/01/2026;2;Eixample;5;el Fort Pienc;20;2003;1119
01/01/2026;2;Eixample;5;el Fort Pienc;20;2004;1494
01/01/2026;2;Eixample;5;el Fort Pienc;20;2005;4045
01/01/2026;2;Eixample;5;el Fort Pienc;20;2006;1629
01/01/2026;2;Eixample;5;el Fort Pienc;20;2007;1283
01/01/2026;2;Eixample;5;el Fort Pienc;20;2008;1944
01/01/2026;2;Eixample;5;el Fort Pienc;20;2009;1717
01/01/2026;2;Eixample;5;el Fort Pienc;21;2010;1223
01/01/2026;2;Eixample;5;el Fort Pienc;21;2011;1110
01/01/2026;2;Eixample;5;el Fort Pienc;21;2012;1571
01/01/2026;2;Eixample;5;el Fort Pienc;21;2013;1368
01/01/2026;2;Eixample;5;el Fort Pienc;22;2014;1389
01/01/2026;2;Eixample;5;el Fort Pienc;22;2015;1662
01/01/2026;2;Eixample;5;el Fort Pienc;22;2016;1965
01/01/2026;2;Eixample;5;el Fort Pienc;22;2017;1978
01/01/2026;2;Eixample;5;el Fort Pienc;22;2018;1851
01/01/2026;2;Eixample;5;el Fort Pienc;22;2019;1989
01/01/2026;2;Eixample;5;el Fort Pienc;22;2020;1713
01/01/2026;2;Eixample;6;la Sagrada Família;23;2021;1511
01/01/2026;2;Eixample;6;la Sagrada Família;23;2022;1316
01/01/2026;2;Eixample;6;la Sagrada Família;23;2023;1013
01/01/2026;2;Eixample;6;la Sagrada Família;23;2024;1218
01/01/2026;2;Eixample;6;la Sagrada Família;24;2025;1198
01/01/2026;2;Eixample;6;la Sagrada Família;24;2026;2098
01/01/2026;2;Eixample;6;la Sagrada Família;24;2027;2073
01/01/2026;2;Eixample;6;la Sagrada Família;24;2028;2066
01/01/2026;2;Eixample;6;la Sagrada Família;24;2029;1296
01/01/2026;2;Eixample;6;la Sagrada Família;24;2030;1457
01/01/2026;2;Eixample;6;la Sagrada Família;24;2031;1039
01/01/2026;2;Eixample;6;la Sagrada Família;24;2032;1247
01/01/2026;2;Eixample;6;la Sagrada Família;25;2033;1225
01/01/2026;2;Eixample;6;la Sagrada Família;25;2034;1202
01/01/2026;2;Eixample;6;la Sagrada Família;25;2035;1363
01/01/2026;2;Eixample;6;la Sagrada Família;25;2036;1206
01/01/2026;2;Eixample;6;la Sagrada Família;25;2037;1191
01/01/2026;2;Eixample;6;la Sagrada Família;25;2038;1543
01/01/2026;2;Eixample;6;la Sagrada Família;25;2039;1910
01/01/2026;2;Eixample;6;la Sagrada Família;25;2040;1783
01/01/2026;2;Eixample;6;la Sagrada Família;26;2041;1715
01/01/2026;2;Eixample;6;la Sagrada Família;26;2042;1675
01/01/2026;2;Eixample;6;la Sagrada Família;26;2043;1536
01/01/2026;2;Eixample;6;la Sagrada Família;26;2044;1312
01/01/2026;2;Eixample;6;la Sagrada Família;26;2045;1214
01/01/2026;2;Eixample;6;la Sagrada Família;26;2046;1978
01/01/2026;2;Eixample;6;la Sagrada Família;26;2047;1901
01/01/2026;2;Eixample;6;la Sagrada Família;26;2048;1414
01/01/2026;2;Eixample;6;la Sagrada Família;27;2049;2119
01/01/2026;2;Eixample;6;la Sagrada Família;27;2050;1702
01/01/2026;2;Eixample;6;la Sagrada Família;27;2051;1906
01/01/2026;2;Eixample;6;la Sagrada Família;27;2052;1834
01/01/2026;2;Eixample;6;la Sagrada Família;27;2053;1920
01/01/2026;2;Eixample;6;la Sagrada Família;27;2054;2020
01/01/2026;2;Eixample;7;la Dreta de l'Eixample;28;2055;1792
01/01/2026;2;Eixample;7;la Dreta de l'Eixample;28;2056;1624
01/01/2026;2;Eixample;7;la Dreta de l'Eixample;28;2057;1272
01/01/2026;2;Eixample;7;la Dreta de l'Eixample;28;2058;1435
01/01/2026;2;Eixample;7;la Dreta de l'Eixample;28;2059;1705
01/01/2026;2;Eixample;7;la Dreta de l'Eixample;28;2060;1767
01/01/2026;2;Eixample;7;la Dreta de l'Eixample;29;2061;1384
01/01/2026;2;Eixample;7;la Dreta de l'Eixample;29;2062;1608
01/01/2026;2;Eixample;7;la Dreta de l'Eixample;29;2063;1241
01/01/2026;2;Eixample;7;la Dreta de l'Eixample;29;2064;1374
01/01/2026;2;Eixample;7;la Dreta de l'Eixample;29;2065;1952
01/01/2026;2;Eixample;7;la Dreta de l'Eixample;30;2066;1806
01/01/2026;2;Eixample;7;la Dreta de l'Eixample;30;2067;1715
01/01/2026;2;Eixample;7;la Dreta de l'Eixample;30;2068;1721
01/01/2026;2;Eixample;7;la Dreta de l'Eixample;30;2069;1373
01/01/2026;2;Eixample;7;la Dreta de l'Eixample;31;2070;1248
01/01/2026;2;Eixample;7;la Dreta de l'Eixample;31;2071;1695
01/01/2026;2;Eixample;7;la Dreta de l'Eixample;31;2072;1264
01/01/2026;2;Eixample;7;la Dreta de l'Eixample;32;2073;1800
01/01/2026;2;Eixample;7;la Dreta de l'Eixample;32;2074;1259
01/01/2026;2;Eixample;7;la Dreta de l'Eixample;32;2075;1212
01/01/2026;2;Eixample;7;la Dreta de l'Eixample;32;2076;1592
01/01/2026;2;Eixample;7;la Dreta de l'Eixample;33;2077;1843
01/01/2026;2;Eixample;7;la Dreta de l'Eixample;34;2078;1380
01/01/2026;2;Eixample;7;la Dreta de l'Eixample;34;2079;1478
01/01/2026;2;Eixample;7;la Dreta de l'Eixample;35;2080;1655
01/01/2026;2;Eixample;7;la Dreta de l'Eixample;35;2081;2268
01/01/2026;2;Eixample;7;la Dreta de l'Eixample;36;2082;999
01/01/2026;2;Eixample;7;la Dreta de l'Eixample;36;2083;2002
01/01/2026;2;Eixample;8;l'Antiga Esquerra de l'Eixample;37;2084;2105
01/01/2026;2;Eixample;8;l'Antiga Esquerra de l'Eixample;37;2085;1447
01/01/2026;2;Eixample;8;l'Antiga Esquerra de l'Eixample;37;2086;1428
01/01/2026;2;Eixample;8;l'Antiga Esquerra de l'Eixample;37;2087;1449
01/01/2026;2;Eixample;8;l'Antiga Esquerra de l'Eixample;38;2088;1745
01/01/2026;2;Eixample;8;l'Antiga Esquerra de l'Eixample;38;2089;1847
01/01/2026;2;Eixample;8;l'Antiga Esquerra de l'Eixample;38;2090;1787
01/01/2026;2;Eixample;8;l'Antiga Esquerra de l'Eixample;39;2091;1857
01/01/2026;2;Eixample;8;l'Antiga Esquerra de l'Eixample;39;2092;1802
01/01/2026;2;Eixample;8;l'Antiga Esquerra de l'Eixample;40;2093;1716
01/01/2026;2;Eixample;8;l'Antiga Esquerra de l'Eixample;40;2094;1526
01/01/2026;2;Eixample;8;l'Antiga Esquerra de l'Eixample;40;2095;1513
01/01/2026;2;Eixample;8;l'Antiga Esquerra de l'Eixample;40;2096;1433
01/01/2026;2;Eixample;8;l'Antiga Esquerra de l'Eixample;40;2097;1144
01/01/2026;2;Eixample;8;l'Antiga Esquerra de l'Eixample;41;2098;1529
01/01/2026;2;Eixample;8;l'Antiga Esquerra de l'Eixample;41;2099;1532
01/01/2026;2;Eixample;8;l'Antiga Esquerra de l'Eixample;41;2100;1412
01/01/2026;2;Eixample;8;l'Antiga Esquerra de l'Eixample;41;2101;2248
01/01/2026;2;Eixample;8;l'Antiga Esquerra de l'Eixample;42;2102;1385
01/01/2026;2;Eixample;8;l'Antiga Esquerra de l'Eixample;42;2103;1699
01/01/2026;2;Eixample;8;l'Antiga Esquerra de l'Eixample;42;2104;1171
01/01/2026;2;Eixample;8;l'Antiga Esquerra de l'Eixample;42;2105;2195
01/01/2026;2;Eixample;8;l'Antiga Esquerra de l'Eixample;43;2106;1430
01/01/2026;2;Eixample;8;l'Antiga Esquerra de l'Eixample;43;2107;1632
01/01/2026;2;Eixample;8;l'Antiga Esquerra de l'Eixample;43;2108;1657
01/01/2026;2;Eixample;8;l'Antiga Esquerra de l'Eixample;43;2109;2232
01/01/2026;2;Eixample;9;la Nova Esquerra de l'Eixample;44;2110;2019
01/01/2026;2;Eixample;9;la Nova Esquerra de l'Eixample;44;2111;1975
01/01/2026;2;Eixample;9;la Nova Esquerra de l'Eixample;44;2112;1263
01/01/2026;2;Eixample;9;la Nova Esquerra de l'Eixample;44;2113;2260
01/01/2026;2;Eixample;9;la Nova Esquerra de l'Eixample;44;2114;1624
01/01/2026;2;Eixample;9;la Nova Esquerra de l'Eixample;45;2115;1507
01/01/2026;2;Eixample;9;la Nova Esquerra de l'Eixample;45;2116;1001
01/01/2026;2;Eixample;9;la Nova Esquerra de l'Eixample;45;2117;1223
01/01/2026;2;Eixample;9;la Nova Esquerra de l'Eixample;45;2118;1446
01/01/2026;2;Eixample;9;la Nova Esquerra de l'Eixample;45;2119;1299
01/01/2026;2;Eixample;9;la Nova Esquerra de l'Eixample;45;2120;1185
01/01/2026;2;Eixample;9;la Nova Esquerra de l'Eixample;45;2121;1273
01/01/2026;2;Eixample;9;la Nova Esquerra de l'Eixample;45;2122;1102
01/01/2026;2;Eixample;9;la Nova Esquerra de l'Eixample;45;2123;1142
01/01/2026;2;Eixample;9;la Nova Esquerra de l'Eixample;46;2124;1148
01/01/2026;2;Eixample;9;la Nova Esquerra de l'Eixample;46;2125;1689
01/01/2026;2;Eixample;9;la Nova Esquerra de l'Eixample;46;2126;1470
01/01/2026;2;Eixample;9;la Nova Esquerra de l'Eixample;46;2127;1223
01/01/2026;2;Eixample;9;la Nova Esquerra de l'Eixample;46;2128;1342
01/01/2026;2;Eixample;9;la Nova Esquerra de l'Eixample;46;2129;1577
01/01/2026;2;Eixample;9;la Nova Esquerra de l'Eixample;47;2130;1070
01/01/2026;2;Eixample;9;la Nova Esquerra de l'Eixample;47;2131;1179
01/01/2026;2;Eixample;9;la Nova Esquerra de l'Eixample;47;2132;1037
01/01/2026;2;Eixample;9;la Nova Esquerra de l'Eixample;47;2133;874
01/01/2026;2;Eixample;9;la Nova Esquerra de l'Eixample;47;2134;1515
01/01/2026;2;Eixample;9;la Nova Esquerra de l'Eixample;47;2135;2079
01/01/2026;2;Eixample;9;la Nova Esquerra de l'Eixample;47;2136;892
01/01/2026;2;Eixample;9;la Nova Esquerra de l'Eixample;48;2137;1503
01/01/2026;2;Eixample;9;la Nova Esquerra de l'Eixample;48;2138;1983
01/01/2026;2;Eixample;9;la Nova Esquerra de l'Eixample;48;2139;1743
01/01/2026;2;Eixample;9;la Nova Esquerra de l'Eixample;48;2140;1904
01/01/2026;2;Eixample;9;la Nova Esquerra de l'Eixample;48;2141;1231
01/01/2026;2;Eixample;9;la Nova Esquerra de l'Eixample;49;2142;1978
01/01/2026;2;Eixample;9;la Nova Esquerra de l'Eixample;49;2143;1593
01/01/2026;2;Eixample;9;la Nova Esquerra de l'Eixample;49;2144;1567
01/01/2026;2;Eixample;9;la Nova Esquerra de l'Eixample;49;2145;1327
01/01/2026;2;Eixample;9;la Nova Esquerra de l'Eixample;50;2146;1268
01/01/2026;2;Eixample;9;la Nova Esquerra de l'Eixample;50;2147;2133
01/01/2026;2;Eixample;9;la Nova Esquerra de l'Eixample;50;2148;1601
01/01/2026;2;Eixample;9;la Nova Esquerra de l'Eixample;50;2149;1872
01/01/2026;2;Eixample;10;Sant Antoni;51;2150;1503
01/01/2026;2;Eixample;10;Sant Antoni;51;2151;1543
01/01/2026;2;Eixample;10;Sant Antoni;51;2152;1248
01/01/2026;2;Eixample;10;Sant Antoni;51;2153;1407
01/01/2026;2;Eixample;10;Sant Antoni;51;2154;1035
01/01/2026;2;Eixample;10;Sant Antoni;51;2155;1816
01/01/2026;2;Eixample;10;Sant Antoni;51;2156;1316
01/01/2026;2;Eixample;10;Sant Antoni;51;2157;1284
01/01/2026;2;Eixample;10;Sant Antoni;52;2158;1676
01/01/2026;2;Eixample;10;Sant Antoni;52;2159;1966
01/01/2026;2;Eixample;10;Sant Antoni;52;2160;2083
01/01/2026;2;Eixample;10;Sant Antoni;52;2161;1150
01/01/2026;2;Eixample;10;Sant Antoni;52;2162;1392
01/01/2026;2;Eixample;10;Sant Antoni;53;2163;1818
01/01/2026;2;Eixample;10;Sant Antoni;53;2164;1625
01/01/2026;2;Eixample;10;Sant Antoni;53;2165;1738
01/01/2026;2;Eixample;10;Sant Antoni;54;2166;2099
01/01/2026;2;Eixample;10;Sant Antoni;54;2167;2244
01/01/2026;2;Eixample;10;Sant Antoni;54;2168;2320
01/01/2026;2;Eixample;10;Sant Antoni;55;2169;1526
01/01/2026;2;Eixample;10;Sant Antoni;55;2170;1558
01/01/2026;2;Eixample;10;Sant Antoni;55;2171;1627
01/01/2026;2;Eixample;10;Sant Antoni;55;2172;1502
01/01/2026;2;Eixample;10;Sant Antoni;55;2173;1502
01/01/2026;3;Sants-Montjuïc;11;el Poble-sec;56;3001;1711
01/01/2026;3;Sants-Montjuïc;11;el Poble-sec;56;3002;1913
01/01/2026;3;Sants-Montjuïc;11;el Poble-sec;56;3003;1618
01/01/2026;3;Sants-Montjuïc;11;el Poble-sec;56;3004;1544
01/01/2026;3;Sants-Montjuïc;11;el Poble-sec;56;3005;1178
01/01/2026;3;Sants-Montjuïc;11;el Poble-sec;56;3006;1441
01/01/2026;3;Sants-Montjuïc;11;el Poble-sec;56;3007;1684
01/01/2026;3;Sants-Montjuïc;11;el Poble-sec;56;3008;1170
01/01/2026;3;Sants-Montjuïc;11;el Poble-sec;56;3009;1259
01/01/2026;3;Sants-Montjuïc;11;el Poble-sec;57;3010;1862
01/01/2026;3;Sants-Montjuïc;11;el Poble-sec;57;3011;1823
01/01/2026;3;Sants-Montjuïc;11;el Poble-sec;57;3012;2152
01/01/2026;3;Sants-Montjuïc;11;el Poble-sec;57;3013;1792
01/01/2026;3;Sants-Montjuïc;11;el Poble-sec;57;3014;1875
01/01/2026;3;Sants-Montjuïc;11;el Poble-sec;57;3015;3301
01/01/2026;3;Sants-Montjuïc;11;el Poble-sec;57;3016;1228
01/01/2026;3;Sants-Montjuïc;11;el Poble-sec;57;3017;1631
01/01/2026;3;Sants-Montjuïc;11;el Poble-sec;58;3018;1780
01/01/2026;3;Sants-Montjuïc;11;el Poble-sec;58;3019;1527
01/01/2026;3;Sants-Montjuïc;11;el Poble-sec;58;3020;1249
01/01/2026;3;Sants-Montjuïc;11;el Poble-sec;58;3021;1086
01/01/2026;3;Sants-Montjuïc;11;el Poble-sec;58;3022;1442
01/01/2026;3;Sants-Montjuïc;11;el Poble-sec;59;3023;1839
01/01/2026;3;Sants-Montjuïc;11;el Poble-sec;59;3024;2031
01/01/2026;3;Sants-Montjuïc;12;la Marina del Prat Vermell;60;3025;3174
01/01/2026;3;Sants-Montjuïc;13;la Marina de Port;61;3026;1036
01/01/2026;3;Sants-Montjuïc;13;la Marina de Port;61;3027;1690
01/01/2026;3;Sants-Montjuïc;13;la Marina de Port;61;3028;2705
01/01/2026;3;Sants-Montjuïc;13;la Marina de Port;61;3029;1291
01/01/2026;3;Sants-Montjuïc;13;la Marina de Port;61;3030;1660
01/01/2026;3;Sants-Montjuïc;13;la Marina de Port;62;3031;2534
01/01/2026;3;Sants-Montjuïc;13;la Marina de Port;62;3032;1784
01/01/2026;3;Sants-Montjuïc;13;la Marina de Port;62;3033;1547
01/01/2026;3;Sants-Montjuïc;13;la Marina de Port;62;3034;1545
01/01/2026;3;Sants-Montjuïc;13;la Marina de Port;62;3211;1545
01/01/2026;3;Sants-Montjuïc;13;la Marina de Port;63;3035;2269
01/01/2026;3;Sants-Montjuïc;13;la Marina de Port;63;3036;2422
01/01/2026;3;Sants-Montjuïc;13;la Marina de Port;63;3037;986
01/01/2026;3;Sants-Montjuïc;13;la Marina de Port;63;3212;2612
01/01/2026;3;Sants-Montjuïc;13;la Marina de Port;63;3213;2420
01/01/2026;3;Sants-Montjuïc;13;la Marina de Port;64;3038;962
01/01/2026;3;Sants-Montjuïc;13;la Marina de Port;64;3039;2760
01/01/2026;3;Sants-Montjuïc;14;la Font de la Guatlla;65;3040;2019
01/01/2026;3;Sants-Montjuïc;14;la Font de la Guatlla;65;3041;1400
01/01/2026;3;Sants-Montjuïc;14;la Font de la Guatlla;65;3042;1401
01/01/2026;3;Sants-Montjuïc;14;la Font de la Guatlla;65;3043;1628
01/01/2026;3;Sants-Montjuïc;14;la Font de la Guatlla;65;3044;1807
01/01/2026;3;Sants-Montjuïc;14;la Font de la Guatlla;65;3045;1093
01/01/2026;3;Sants-Montjuïc;14;la Font de la Guatlla;65;3046;1521
01/01/2026;3;Sants-Montjuïc;15;Hostafrancs;66;3047;1799
01/01/2026;3;Sants-Montjuïc;15;Hostafrancs;66;3048;1974
01/01/2026;3;Sants-Montjuïc;15;Hostafrancs;66;3049;1707
01/01/2026;3;Sants-Montjuïc;15;Hostafrancs;66;3050;1695
01/01/2026;3;Sants-Montjuïc;15;Hostafrancs;67;3051;1849
01/01/2026;3;Sants-Montjuïc;15;Hostafrancs;67;3052;1459
01/01/2026;3;Sants-Montjuïc;15;Hostafrancs;67;3053;2278
01/01/2026;3;Sants-Montjuïc;15;Hostafrancs;67;3054;1684
01/01/2026;3;Sants-Montjuïc;15;Hostafrancs;67;3055;1603
01/01/2026;3;Sants-Montjuïc;15;Hostafrancs;67;3056;973
01/01/2026;3;Sants-Montjuïc;16;la Bordeta;68;3057;1511
01/01/2026;3;Sants-Montjuïc;16;la Bordeta;68;3058;1896
01/01/2026;3;Sants-Montjuïc;16;la Bordeta;68;3059;1328
01/01/2026;3;Sants-Montjuïc;16;la Bordeta;68;3060;1398
01/01/2026;3;Sants-Montjuïc;16;la Bordeta;68;3061;1171
01/01/2026;3;Sants-Montjuïc;16;la Bordeta;69;3062;1707
01/01/2026;3;Sants-Montjuïc;16;la Bordeta;69;3063;2066
01/01/2026;3;Sants-Montjuïc;16;la Bordeta;69;3064;2171
01/01/2026;3;Sants-Montjuïc;16;la Bordeta;69;3065;1393
01/01/2026;3;Sants-Montjuïc;16;la Bordeta;69;3066;2394
01/01/2026;3;Sants-Montjuïc;16;la Bordeta;69;3067;1752
01/01/2026;3;Sants-Montjuïc;16;la Bordeta;69;3068;1172
01/01/2026;3;Sants-Montjuïc;16;la Bordeta;69;3069;1194
01/01/2026;3;Sants-Montjuïc;17;Sants - Badal;70;3070;1459
01/01/2026;3;Sants-Montjuïc;17;Sants - Badal;70;3071;1422
01/01/2026;3;Sants-Montjuïc;17;Sants - Badal;70;3072;1387
01/01/2026;3;Sants-Montjuïc;17;Sants - Badal;70;3073;1631
01/01/2026;3;Sants-Montjuïc;17;Sants - Badal;70;3074;1842
01/01/2026;3;Sants-Montjuïc;17;Sants - Badal;70;3075;1764
01/01/2026;3;Sants-Montjuïc;17;Sants - Badal;70;3076;1066
01/01/2026;3;Sants-Montjuïc;17;Sants - Badal;70;3077;1455
01/01/2026;3;Sants-Montjuïc;17;Sants - Badal;70;3078;1754
01/01/2026;3;Sants-Montjuïc;17;Sants - Badal;70;3079;1853
01/01/2026;3;Sants-Montjuïc;17;Sants - Badal;70;3080;1537
01/01/2026;3;Sants-Montjuïc;17;Sants - Badal;71;3081;2038
01/01/2026;3;Sants-Montjuïc;17;Sants - Badal;71;3082;1884
01/01/2026;3;Sants-Montjuïc;17;Sants - Badal;71;3083;1359
01/01/2026;3;Sants-Montjuïc;17;Sants - Badal;71;3084;1455
01/01/2026;3;Sants-Montjuïc;17;Sants - Badal;71;3085;1337
01/01/2026;3;Sants-Montjuïc;18;Sants;72;3086;1271
01/01/2026;3;Sants-Montjuïc;18;Sants;72;3087;1551
01/01/2026;3;Sants-Montjuïc;18;Sants;72;3088;1394
01/01/2026;3;Sants-Montjuïc;18;Sants;72;3089;1209
01/01/2026;3;Sants-Montjuïc;18;Sants;72;3090;1008
01/01/2026;3;Sants-Montjuïc;18;Sants;72;3091;1457
01/01/2026;3;Sants-Montjuïc;18;Sants;72;3092;1231
01/01/2026;3;Sants-Montjuïc;18;Sants;72;3093;1456
01/01/2026;3;Sants-Montjuïc;18;Sants;72;3094;1244
01/01/2026;3;Sants-Montjuïc;18;Sants;73;3095;1624
01/01/2026;3;Sants-Montjuïc;18;Sants;73;3096;1593
01/01/2026;3;Sants-Montjuïc;18;Sants;73;3097;1640
01/01/2026;3;Sants-Montjuïc;18;Sants;73;3098;1541
01/01/2026;3;Sants-Montjuïc;18;Sants;73;3099;1067
01/01/2026;3;Sants-Montjuïc;18;Sants;73;3100;1357
01/01/2026;3;Sants-Montjuïc;18;Sants;74;3101;6718
01/01/2026;3;Sants-Montjuïc;18;Sants;74;3102;1411
01/01/2026;3;Sants-Montjuïc;18;Sants;74;3103;1140
01/01/2026;3;Sants-Montjuïc;18;Sants;74;3104;1453
01/01/2026;3;Sants-Montjuïc;18;Sants;75;3105;1184
01/01/2026;3;Sants-Montjuïc;18;Sants;75;3106;1329
01/01/2026;3;Sants-Montjuïc;18;Sants;76;3107;1857
01/01/2026;3;Sants-Montjuïc;18;Sants;76;3108;1650
01/01/2026;3;Sants-Montjuïc;18;Sants;76;3109;1578
01/01/2026;3;Sants-Montjuïc;18;Sants;76;3110;1439
01/01/2026;3;Sants-Montjuïc;18;Sants;76;3111;1331
01/01/2026;3;Sants-Montjuïc;18;Sants;76;3112;1896
01/01/2026;3;Sants-Montjuïc;18;Sants;76;3113;1595
01/01/2026;3;Sants-Montjuïc;18;Sants;76;3114;1452
01/01/2026;4;Les Corts;19;les Corts;77;4001;1254
01/01/2026;4;Les Corts;19;les Corts;77;4002;1896
01/01/2026;4;Les Corts;19;les Corts;77;4003;1071
01/01/2026;4;Les Corts;19;les Corts;77;4004;1062
01/01/2026;4;Les Corts;19;les Corts;77;4005;1217
01/01/2026;4;Les Corts;19;les Corts;77;4006;1178
01/01/2026;4;Les Corts;19;les Corts;77;4007;1104
01/01/2026;4;Les Corts;19;les Corts;77;4008;1036
01/01/2026;4;Les Corts;19;les Corts;77;4009;1467
01/01/2026;4;Les Corts;19;les Corts;78;4010;880
01/01/2026;4;Les Corts;19;les Corts;78;4011;1731
01/01/2026;4;Les Corts;19;les Corts;78;4012;1297
01/01/2026;4;Les Corts;19;les Corts;78;4013;1217
01/01/2026;4;Les Corts;19;les Corts;78;4014;757
01/01/2026;4;Les Corts;19;les Corts;78;4015;1934
01/01/2026;4;Les Corts;19;les Corts;78;4016;1074
01/01/2026;4;Les Corts;19;les Corts;79;4017;1165
01/01/2026;4;Les Corts;19;les Corts;79;4018;1565
01/01/2026;4;Les Corts;19;les Corts;79;4019;1428
01/01/2026;4;Les Corts;19;les Corts;79;4020;1494
01/01/2026;4;Les Corts;19;les Corts;79;4021;1341
01/01/2026;4;Les Corts;19;les Corts;80;4022;1651
01/01/2026;4;Les Corts;19;les Corts;81;4023;1056
01/01/2026;4;Les Corts;19;les Corts;81;4024;1016
01/01/2026;4;Les Corts;19;les Corts;82;4025;1193
01/01/2026;4;Les Corts;19;les Corts;82;4026;1252
01/01/2026;4;Les Corts;19;les Corts;82;4027;1404
01/01/2026;4;Les Corts;19;les Corts;83;4028;1376
01/01/2026;4;Les Corts;19;les Corts;83;4029;1101
01/01/2026;4;Les Corts;19;les Corts;83;4030;1797
01/01/2026;4;Les Corts;19;les Corts;84;4031;2178
01/01/2026;4;Les Corts;19;les Corts;84;4032;1575
01/01/2026;4;Les Corts;19;les Corts;84;4033;1171
01/01/2026;4;Les Corts;19;les Corts;84;4034;1391
01/01/2026;4;Les Corts;19;les Corts;84;4035;1343
01/01/2026;4;Les Corts;20;la Maternitat i Sant Ramon;85;4036;1806
01/01/2026;4;Les Corts;20;la Maternitat i Sant Ramon;85;4037;2256
01/01/2026;4;Les Corts;20;la Maternitat i Sant Ramon;85;4038;1231
01/01/2026;4;Les Corts;20;la Maternitat i Sant Ramon;85;4039;1245
01/01/2026;4;Les Corts;20;la Maternitat i Sant Ramon;85;4040;1686
01/01/2026;4;Les Corts;20;la Maternitat i Sant Ramon;85;4041;1375
01/01/2026;4;Les Corts;20;la Maternitat i Sant Ramon;85;4042;1760
01/01/2026;4;Les Corts;20;la Maternitat i Sant Ramon;86;4043;1583
01/01/2026;4;Les Corts;20;la Maternitat i Sant Ramon;86;4044;1671
01/01/2026;4;Les Corts;20;la Maternitat i Sant Ramon;86;4045;1408
01/01/2026;4;Les Corts;20;la Maternitat i Sant Ramon;86;4046;2370
01/01/2026;4;Les Corts;20;la Maternitat i Sant Ramon;86;4047;1929
01/01/2026;4;Les Corts;20;la Maternitat i Sant Ramon;87;4048;1510
01/01/2026;4;Les Corts;20;la Maternitat i Sant Ramon;87;4049;1357
01/01/2026;4;Les Corts;20;la Maternitat i Sant Ramon;87;4084;1435
01/01/2026;4;Les Corts;21;Pedralbes;88;4050;2075
01/01/2026;4;Les Corts;21;Pedralbes;88;4051;1693
01/01/2026;4;Les Corts;21;Pedralbes;88;4052;2210
01/01/2026;4;Les Corts;21;Pedralbes;89;4053;1811
01/01/2026;4;Les Corts;21;Pedralbes;89;4054;1066
01/01/2026;4;Les Corts;21;Pedralbes;90;4055;1647
01/01/2026;4;Les Corts;21;Pedralbes;90;4056;1977
01/01/2026;5;Sarrià-Sant Gervasi;22;Vallvidrera, el Tibidabo i les Planes;91;5001;1910
01/01/2026;5;Sarrià-Sant Gervasi;22;Vallvidrera, el Tibidabo i les Planes;92;5002;1654
01/01/2026;5;Sarrià-Sant Gervasi;22;Vallvidrera, el Tibidabo i les Planes;92;5003;1303
01/01/2026;5;Sarrià-Sant Gervasi;23;Sarrià;93;5004;1052
01/01/2026;5;Sarrià-Sant Gervasi;23;Sarrià;93;5005;1250
01/01/2026;5;Sarrià-Sant Gervasi;23;Sarrià;94;5006;1807
01/01/2026;5;Sarrià-Sant Gervasi;23;Sarrià;95;5007;1796
01/01/2026;5;Sarrià-Sant Gervasi;23;Sarrià;95;5008;1761
01/01/2026;5;Sarrià-Sant Gervasi;23;Sarrià;95;5009;1614
01/01/2026;5;Sarrià-Sant Gervasi;23;Sarrià;95;5010;1514
01/01/2026;5;Sarrià-Sant Gervasi;23;Sarrià;95;5011;1479
01/01/2026;5;Sarrià-Sant Gervasi;23;Sarrià;95;5012;1378
01/01/2026;5;Sarrià-Sant Gervasi;23;Sarrià;95;5013;1667
01/01/2026;5;Sarrià-Sant Gervasi;23;Sarrià;96;5014;1573
01/01/2026;5;Sarrià-Sant Gervasi;23;Sarrià;96;5015;1591
01/01/2026;5;Sarrià-Sant Gervasi;23;Sarrià;96;5016;1930
01/01/2026;5;Sarrià-Sant Gervasi;23;Sarrià;96;5017;1554
01/01/2026;5;Sarrià-Sant Gervasi;23;Sarrià;96;5018;1305
01/01/2026;5;Sarrià-Sant Gervasi;23;Sarrià;96;5019;1666
01/01/2026;5;Sarrià-Sant Gervasi;24;les Tres Torres;97;5020;1141
01/01/2026;5;Sarrià-Sant Gervasi;24;les Tres Torres;97;5021;1336
01/01/2026;5;Sarrià-Sant Gervasi;24;les Tres Torres;98;5022;1681
01/01/2026;5;Sarrià-Sant Gervasi;24;les Tres Torres;98;5023;1483
01/01/2026;5;Sarrià-Sant Gervasi;24;les Tres Torres;98;5024;1941
01/01/2026;5;Sarrià-Sant Gervasi;24;les Tres Torres;99;5025;1294
01/01/2026;5;Sarrià-Sant Gervasi;24;les Tres Torres;99;5026;1430
01/01/2026;5;Sarrià-Sant Gervasi;24;les Tres Torres;99;5027;1301
01/01/2026;5;Sarrià-Sant Gervasi;24;les Tres Torres;99;5028;1649
01/01/2026;5;Sarrià-Sant Gervasi;24;les Tres Torres;99;5029;1671
01/01/2026;5;Sarrià-Sant Gervasi;24;les Tres Torres;99;5030;1414
01/01/2026;5;Sarrià-Sant Gervasi;25;Sant Gervasi - la Bonanova;100;5031;1555
01/01/2026;5;Sarrià-Sant Gervasi;25;Sant Gervasi - la Bonanova;100;5032;1893
01/01/2026;5;Sarrià-Sant Gervasi;25;Sant Gervasi - la Bonanova;101;5033;1524
01/01/2026;5;Sarrià-Sant Gervasi;25;Sant Gervasi - la Bonanova;101;5034;1199
01/01/2026;5;Sarrià-Sant Gervasi;25;Sant Gervasi - la Bonanova;102;5035;1143
01/01/2026;5;Sarrià-Sant Gervasi;25;Sant Gervasi - la Bonanova;102;5036;1818
01/01/2026;5;Sarrià-Sant Gervasi;25;Sant Gervasi - la Bonanova;102;5037;1490
01/01/2026;5;Sarrià-Sant Gervasi;25;Sant Gervasi - la Bonanova;102;5038;1450
01/01/2026;5;Sarrià-Sant Gervasi;25;Sant Gervasi - la Bonanova;102;5039;1562
01/01/2026;5;Sarrià-Sant Gervasi;25;Sant Gervasi - la Bonanova;102;5040;1478
01/01/2026;5;Sarrià-Sant Gervasi;25;Sant Gervasi - la Bonanova;102;5041;2191
01/01/2026;5;Sarrià-Sant Gervasi;25;Sant Gervasi - la Bonanova;103;5042;1374
01/01/2026;5;Sarrià-Sant Gervasi;25;Sant Gervasi - la Bonanova;103;5043;1509
01/01/2026;5;Sarrià-Sant Gervasi;25;Sant Gervasi - la Bonanova;103;5044;1367
01/01/2026;5;Sarrià-Sant Gervasi;25;Sant Gervasi - la Bonanova;103;5045;1615
01/01/2026;5;Sarrià-Sant Gervasi;25;Sant Gervasi - la Bonanova;103;5046;1117
01/01/2026;5;Sarrià-Sant Gervasi;25;Sant Gervasi - la Bonanova;103;5047;1233
01/01/2026;5;Sarrià-Sant Gervasi;25;Sant Gervasi - la Bonanova;103;5048;1283
01/01/2026;5;Sarrià-Sant Gervasi;26;Sant Gervasi - Galvany;104;5049;1746
01/01/2026;5;Sarrià-Sant Gervasi;26;Sant Gervasi - Galvany;104;5050;1762
01/01/2026;5;Sarrià-Sant Gervasi;26;Sant Gervasi - Galvany;104;5051;1645
01/01/2026;5;Sarrià-Sant Gervasi;26;Sant Gervasi - Galvany;104;5052;1424
01/01/2026;5;Sarrià-Sant Gervasi;26;Sant Gervasi - Galvany;105;5053;1485
01/01/2026;5;Sarrià-Sant Gervasi;26;Sant Gervasi - Galvany;105;5054;1008
01/01/2026;5;Sarrià-Sant Gervasi;26;Sant Gervasi - Galvany;105;5055;1407
01/01/2026;5;Sarrià-Sant Gervasi;26;Sant Gervasi - Galvany;106;5056;1198
01/01/2026;5;Sarrià-Sant Gervasi;26;Sant Gervasi - Galvany;106;5057;1684
01/01/2026;5;Sarrià-Sant Gervasi;26;Sant Gervasi - Galvany;106;5058;1573
01/01/2026;5;Sarrià-Sant Gervasi;26;Sant Gervasi - Galvany;106;5059;1551
01/01/2026;5;Sarrià-Sant Gervasi;26;Sant Gervasi - Galvany;106;5060;1143
01/01/2026;5;Sarrià-Sant Gervasi;26;Sant Gervasi - Galvany;107;5061;1518
01/01/2026;5;Sarrià-Sant Gervasi;26;Sant Gervasi - Galvany;107;5062;1651
01/01/2026;5;Sarrià-Sant Gervasi;26;Sant Gervasi - Galvany;107;5063;1615
01/01/2026;5;Sarrià-Sant Gervasi;26;Sant Gervasi - Galvany;107;5064;1755
01/01/2026;5;Sarrià-Sant Gervasi;26;Sant Gervasi - Galvany;107;5065;1772
01/01/2026;5;Sarrià-Sant Gervasi;26;Sant Gervasi - Galvany;108;5066;1386
01/01/2026;5;Sarrià-Sant Gervasi;26;Sant Gervasi - Galvany;108;5067;1390
01/01/2026;5;Sarrià-Sant Gervasi;26;Sant Gervasi - Galvany;108;5068;1730
01/01/2026;5;Sarrià-Sant Gervasi;26;Sant Gervasi - Galvany;108;5069;1801
01/01/2026;5;Sarrià-Sant Gervasi;26;Sant Gervasi - Galvany;109;5070;1521
01/01/2026;5;Sarrià-Sant Gervasi;26;Sant Gervasi - Galvany;109;5071;1975
01/01/2026;5;Sarrià-Sant Gervasi;26;Sant Gervasi - Galvany;109;5072;1727
01/01/2026;5;Sarrià-Sant Gervasi;26;Sant Gervasi - Galvany;109;5073;1636
01/01/2026;5;Sarrià-Sant Gervasi;26;Sant Gervasi - Galvany;109;5074;1661
01/01/2026;5;Sarrià-Sant Gervasi;26;Sant Gervasi - Galvany;110;5075;1926
01/01/2026;5;Sarrià-Sant Gervasi;26;Sant Gervasi - Galvany;110;5076;1487
01/01/2026;5;Sarrià-Sant Gervasi;26;Sant Gervasi - Galvany;110;5077;1571
01/01/2026;5;Sarrià-Sant Gervasi;26;Sant Gervasi - Galvany;110;5078;2121
01/01/2026;5;Sarrià-Sant Gervasi;26;Sant Gervasi - Galvany;110;5079;1333
01/01/2026;5;Sarrià-Sant Gervasi;27;el Putxet i el Farró;111;5080;1391
01/01/2026;5;Sarrià-Sant Gervasi;27;el Putxet i el Farró;111;5081;1621
01/01/2026;5;Sarrià-Sant Gervasi;27;el Putxet i el Farró;111;5082;1701
01/01/2026;5;Sarrià-Sant Gervasi;27;el Putxet i el Farró;111;5083;1275
01/01/2026;5;Sarrià-Sant Gervasi;27;el Putxet i el Farró;111;5084;1396
01/01/2026;5;Sarrià-Sant Gervasi;27;el Putxet i el Farró;111;5085;1355
01/01/2026;5;Sarrià-Sant Gervasi;27;el Putxet i el Farró;111;5086;1375
01/01/2026;5;Sarrià-Sant Gervasi;27;el Putxet i el Farró;111;5087;1686
01/01/2026;5;Sarrià-Sant Gervasi;27;el Putxet i el Farró;112;5088;1724
01/01/2026;5;Sarrià-Sant Gervasi;27;el Putxet i el Farró;112;5089;1823
01/01/2026;5;Sarrià-Sant Gervasi;27;el Putxet i el Farró;112;5090;1956
01/01/2026;5;Sarrià-Sant Gervasi;27;el Putxet i el Farró;112;5091;1557
01/01/2026;5;Sarrià-Sant Gervasi;27;el Putxet i el Farró;112;5092;1643
01/01/2026;5;Sarrià-Sant Gervasi;27;el Putxet i el Farró;113;5093;1226
01/01/2026;5;Sarrià-Sant Gervasi;27;el Putxet i el Farró;113;5094;2827
01/01/2026;5;Sarrià-Sant Gervasi;27;el Putxet i el Farró;113;5095;1769
01/01/2026;5;Sarrià-Sant Gervasi;27;el Putxet i el Farró;113;5096;1166
01/01/2026;5;Sarrià-Sant Gervasi;27;el Putxet i el Farró;113;5097;1716
01/01/2026;5;Sarrià-Sant Gervasi;27;el Putxet i el Farró;113;5098;1588
01/01/2026;6;Gràcia;28;Vallcarca i els Penitents;114;6001;1309
01/01/2026;6;Gràcia;28;Vallcarca i els Penitents;114;6002;1595
01/01/2026;6;Gràcia;28;Vallcarca i els Penitents;114;6003;2460
01/01/2026;6;Gràcia;28;Vallcarca i els Penitents;114;6004;1401
01/01/2026;6;Gràcia;28;Vallcarca i els Penitents;115;6006;1074
01/01/2026;6;Gràcia;28;Vallcarca i els Penitents;115;6007;2012
01/01/2026;6;Gràcia;28;Vallcarca i els Penitents;115;6008;2123
01/01/2026;6;Gràcia;28;Vallcarca i els Penitents;116;6009;1389
01/01/2026;6;Gràcia;28;Vallcarca i els Penitents;116;6010;1081
01/01/2026;6;Gràcia;28;Vallcarca i els Penitents;117;6011;1313
01/01/2026;6;Gràcia;28;Vallcarca i els Penitents;117;6012;1171
01/01/2026;6;Gràcia;29;el Coll;118;6013;1922
01/01/2026;6;Gràcia;29;el Coll;118;6014;1488
01/01/2026;6;Gràcia;29;el Coll;118;6015;1464
01/01/2026;6;Gràcia;29;el Coll;118;6016;1685
01/01/2026;6;Gràcia;29;el Coll;118;6017;1497
01/01/2026;6;Gràcia;30;la Salut;119;6018;1401
01/01/2026;6;Gràcia;30;la Salut;119;6019;1583
01/01/2026;6;Gràcia;30;la Salut;119;6020;1255
01/01/2026;6;Gràcia;30;la Salut;119;6021;1403
01/01/2026;6;Gràcia;30;la Salut;120;6022;1402
01/01/2026;6;Gràcia;30;la Salut;120;6023;1279
01/01/2026;6;Gràcia;30;la Salut;120;6024;1753
01/01/2026;6;Gràcia;30;la Salut;120;6025;1471
01/01/2026;6;Gràcia;30;la Salut;120;6026;1149
01/01/2026;6;Gràcia;30;la Salut;120;6027;1251
01/01/2026;6;Gràcia;31;la Vila de Gràcia;121;6028;1339
01/01/2026;6;Gràcia;31;la Vila de Gràcia;121;6029;1441
01/01/2026;6;Gràcia;31;la Vila de Gràcia;121;6030;1373
01/01/2026;6;Gràcia;31;la Vila de Gràcia;121;6031;1136
01/01/2026;6;Gràcia;31;la Vila de Gràcia;121;6032;1169
01/01/2026;6;Gràcia;31;la Vila de Gràcia;122;6033;1346
01/01/2026;6;Gràcia;31;la Vila de Gràcia;122;6034;1215
01/01/2026;6;Gràcia;31;la Vila de Gràcia;122;6035;1096
01/01/2026;6;Gràcia;31;la Vila de Gràcia;122;6036;1501
01/01/2026;6;Gràcia;31;la Vila de Gràcia;123;6037;1112
01/01/2026;6;Gràcia;31;la Vila de Gràcia;123;6038;1573
01/01/2026;6;Gràcia;31;la Vila de Gràcia;123;6039;1635
01/01/2026;6;Gràcia;31;la Vila de Gràcia;124;6040;1779
01/01/2026;6;Gràcia;31;la Vila de Gràcia;124;6041;1858
01/01/2026;6;Gràcia;31;la Vila de Gràcia;124;6042;1756
01/01/2026;6;Gràcia;31;la Vila de Gràcia;125;6043;1345
01/01/2026;6;Gràcia;31;la Vila de Gràcia;125;6044;1690
01/01/2026;6;Gràcia;31;la Vila de Gràcia;126;6045;1239
01/01/2026;6;Gràcia;31;la Vila de Gràcia;126;6046;1172
01/01/2026;6;Gràcia;31;la Vila de Gràcia;126;6047;1272
01/01/2026;6;Gràcia;31;la Vila de Gràcia;126;6048;1402
01/01/2026;6;Gràcia;31;la Vila de Gràcia;127;6049;1135
01/01/2026;6;Gràcia;31;la Vila de Gràcia;127;6050;1274
01/01/2026;6;Gràcia;31;la Vila de Gràcia;127;6051;1277
01/01/2026;6;Gràcia;31;la Vila de Gràcia;128;6052;1483
01/01/2026;6;Gràcia;31;la Vila de Gràcia;128;6053;1547
01/01/2026;6;Gràcia;31;la Vila de Gràcia;128;6054;1574
01/01/2026;6;Gràcia;31;la Vila de Gràcia;129;6055;1374
01/01/2026;6;Gràcia;31;la Vila de Gràcia;129;6056;1702
01/01/2026;6;Gràcia;31;la Vila de Gràcia;129;6057;1532
01/01/2026;6;Gràcia;31;la Vila de Gràcia;129;6058;1743
01/01/2026;6;Gràcia;31;la Vila de Gràcia;129;6059;1510
01/01/2026;6;Gràcia;31;la Vila de Gràcia;130;6060;1775
01/01/2026;6;Gràcia;31;la Vila de Gràcia;130;6061;1377
01/01/2026;6;Gràcia;31;la Vila de Gràcia;130;6062;1231
01/01/2026;6;Gràcia;31;la Vila de Gràcia;130;6063;1494
01/01/2026;6;Gràcia;32;el Camp d'en Grassot i Gràcia Nova;131;6064;1926
01/01/2026;6;Gràcia;32;el Camp d'en Grassot i Gràcia Nova;131;6065;1153
01/01/2026;6;Gràcia;32;el Camp d'en Grassot i Gràcia Nova;131;6066;1006
01/01/2026;6;Gràcia;32;el Camp d'en Grassot i Gràcia Nova;131;6067;1893
01/01/2026;6;Gràcia;32;el Camp d'en Grassot i Gràcia Nova;131;6068;1592
01/01/2026;6;Gràcia;32;el Camp d'en Grassot i Gràcia Nova;131;6069;1108
01/01/2026;6;Gràcia;32;el Camp d'en Grassot i Gràcia Nova;131;6070;1922
01/01/2026;6;Gràcia;32;el Camp d'en Grassot i Gràcia Nova;132;6071;1100
01/01/2026;6;Gràcia;32;el Camp d'en Grassot i Gràcia Nova;132;6072;1689
01/01/2026;6;Gràcia;32;el Camp d'en Grassot i Gràcia Nova;132;6073;1325
01/01/2026;6;Gràcia;32;el Camp d'en Grassot i Gràcia Nova;132;6074;1158
01/01/2026;6;Gràcia;32;el Camp d'en Grassot i Gràcia Nova;132;6075;1120
01/01/2026;6;Gràcia;32;el Camp d'en Grassot i Gràcia Nova;132;6076;1246
01/01/2026;6;Gràcia;32;el Camp d'en Grassot i Gràcia Nova;133;6077;1213
01/01/2026;6;Gràcia;32;el Camp d'en Grassot i Gràcia Nova;133;6078;1347
01/01/2026;6;Gràcia;32;el Camp d'en Grassot i Gràcia Nova;133;6079;1180
01/01/2026;6;Gràcia;32;el Camp d'en Grassot i Gràcia Nova;133;6080;1132
01/01/2026;6;Gràcia;32;el Camp d'en Grassot i Gràcia Nova;133;6081;1342
01/01/2026;6;Gràcia;32;el Camp d'en Grassot i Gràcia Nova;134;6082;3330
01/01/2026;6;Gràcia;32;el Camp d'en Grassot i Gràcia Nova;134;6083;1681
01/01/2026;6;Gràcia;32;el Camp d'en Grassot i Gràcia Nova;134;6084;1499
01/01/2026;6;Gràcia;32;el Camp d'en Grassot i Gràcia Nova;134;6085;1357
01/01/2026;6;Gràcia;32;el Camp d'en Grassot i Gràcia Nova;134;6086;1009
01/01/2026;6;Gràcia;32;el Camp d'en Grassot i Gràcia Nova;134;6087;1809
01/01/2026;6;Gràcia;32;el Camp d'en Grassot i Gràcia Nova;134;6088;1285
01/01/2026;7;Horta-Guinardó;33;el Baix Guinardó;135;7001;1564
01/01/2026;7;Horta-Guinardó;33;el Baix Guinardó;135;7002;1100
01/01/2026;7;Horta-Guinardó;33;el Baix Guinardó;135;7003;1343
01/01/2026;7;Horta-Guinardó;33;el Baix Guinardó;135;7004;1587
01/01/2026;7;Horta-Guinardó;33;el Baix Guinardó;135;7005;1453
01/01/2026;7;Horta-Guinardó;33;el Baix Guinardó;135;7006;956
01/01/2026;7;Horta-Guinardó;33;el Baix Guinardó;135;7007;1398
01/01/2026;7;Horta-Guinardó;33;el Baix Guinardó;135;7008;1399
01/01/2026;7;Horta-Guinardó;33;el Baix Guinardó;136;7009;1317
01/01/2026;7;Horta-Guinardó;33;el Baix Guinardó;136;7010;1325
01/01/2026;7;Horta-Guinardó;33;el Baix Guinardó;136;7011;1155
01/01/2026;7;Horta-Guinardó;33;el Baix Guinardó;136;7012;1599
01/01/2026;7;Horta-Guinardó;33;el Baix Guinardó;136;7013;1232
01/01/2026;7;Horta-Guinardó;33;el Baix Guinardó;137;7014;907
01/01/2026;7;Horta-Guinardó;33;el Baix Guinardó;137;7015;1422
01/01/2026;7;Horta-Guinardó;33;el Baix Guinardó;137;7016;1343
01/01/2026;7;Horta-Guinardó;33;el Baix Guinardó;137;7017;1805
01/01/2026;7;Horta-Guinardó;33;el Baix Guinardó;137;7018;1715
01/01/2026;7;Horta-Guinardó;33;el Baix Guinardó;137;7019;1657
01/01/2026;7;Horta-Guinardó;34;Can Baró;138;7020;1725
01/01/2026;7;Horta-Guinardó;34;Can Baró;138;7021;1094
01/01/2026;7;Horta-Guinardó;34;Can Baró;138;7022;1190
01/01/2026;7;Horta-Guinardó;34;Can Baró;138;7023;1404
01/01/2026;7;Horta-Guinardó;34;Can Baró;138;7024;1574
01/01/2026;7;Horta-Guinardó;34;Can Baró;138;7025;1536
01/01/2026;7;Horta-Guinardó;34;Can Baró;138;7026;1122
01/01/2026;7;Horta-Guinardó;35;el Guinardó;139;7027;2167
01/01/2026;7;Horta-Guinardó;35;el Guinardó;139;7028;1532
01/01/2026;7;Horta-Guinardó;35;el Guinardó;139;7029;1309
01/01/2026;7;Horta-Guinardó;35;el Guinardó;139;7030;1520
01/01/2026;7;Horta-Guinardó;35;el Guinardó;140;7031;1618
01/01/2026;7;Horta-Guinardó;35;el Guinardó;140;7032;1514
01/01/2026;7;Horta-Guinardó;35;el Guinardó;140;7033;1493
01/01/2026;7;Horta-Guinardó;35;el Guinardó;140;7034;1921
01/01/2026;7;Horta-Guinardó;35;el Guinardó;140;7035;1855
01/01/2026;7;Horta-Guinardó;35;el Guinardó;140;7036;1497
01/01/2026;7;Horta-Guinardó;35;el Guinardó;140;7037;1564
01/01/2026;7;Horta-Guinardó;35;el Guinardó;140;7038;1338
01/01/2026;7;Horta-Guinardó;35;el Guinardó;141;7039;1650
01/01/2026;7;Horta-Guinardó;35;el Guinardó;141;7040;1586
01/01/2026;7;Horta-Guinardó;35;el Guinardó;141;7041;1472
01/01/2026;7;Horta-Guinardó;35;el Guinardó;142;7042;1655
01/01/2026;7;Horta-Guinardó;35;el Guinardó;142;7043;1490
01/01/2026;7;Horta-Guinardó;35;el Guinardó;142;7044;1365
01/01/2026;7;Horta-Guinardó;35;el Guinardó;142;7045;1723
01/01/2026;7;Horta-Guinardó;35;el Guinardó;142;7046;1405
01/01/2026;7;Horta-Guinardó;35;el Guinardó;143;7047;1567
01/01/2026;7;Horta-Guinardó;35;el Guinardó;143;7048;1371
01/01/2026;7;Horta-Guinardó;35;el Guinardó;143;7049;1208
01/01/2026;7;Horta-Guinardó;35;el Guinardó;143;7050;1385
01/01/2026;7;Horta-Guinardó;35;el Guinardó;143;7051;1939
01/01/2026;7;Horta-Guinardó;36;la Font d'en Fargues;144;7052;1347
01/01/2026;7;Horta-Guinardó;36;la Font d'en Fargues;144;7053;1449
01/01/2026;7;Horta-Guinardó;36;la Font d'en Fargues;144;7054;1688
01/01/2026;7;Horta-Guinardó;36;la Font d'en Fargues;145;7055;1226
01/01/2026;7;Horta-Guinardó;36;la Font d'en Fargues;145;7056;1260
01/01/2026;7;Horta-Guinardó;36;la Font d'en Fargues;145;7057;1490
01/01/2026;7;Horta-Guinardó;36;la Font d'en Fargues;145;7058;1385
01/01/2026;7;Horta-Guinardó;37;el Carmel;146;7059;1426
01/01/2026;7;Horta-Guinardó;37;el Carmel;146;7060;1900
01/01/2026;7;Horta-Guinardó;37;el Carmel;147;7061;1403
01/01/2026;7;Horta-Guinardó;37;el Carmel;147;7062;1355
01/01/2026;7;Horta-Guinardó;37;el Carmel;147;7063;1462
01/01/2026;7;Horta-Guinardó;37;el Carmel;147;7064;1685
01/01/2026;7;Horta-Guinardó;37;el Carmel;147;7065;1856
01/01/2026;7;Horta-Guinardó;37;el Carmel;147;7066;1918
01/01/2026;7;Horta-Guinardó;37;el Carmel;147;7067;1654
01/01/2026;7;Horta-Guinardó;37;el Carmel;147;7068;1385
01/01/2026;7;Horta-Guinardó;37;el Carmel;147;7069;1541
01/01/2026;7;Horta-Guinardó;37;el Carmel;147;7070;1483
01/01/2026;7;Horta-Guinardó;37;el Carmel;148;7071;1356
01/01/2026;7;Horta-Guinardó;37;el Carmel;148;7072;1472
01/01/2026;7;Horta-Guinardó;37;el Carmel;148;7073;1182
01/01/2026;7;Horta-Guinardó;37;el Carmel;148;7074;1761
01/01/2026;7;Horta-Guinardó;37;el Carmel;148;7075;1282
01/01/2026;7;Horta-Guinardó;37;el Carmel;148;7076;1495
01/01/2026;7;Horta-Guinardó;37;el Carmel;148;7077;1324
01/01/2026;7;Horta-Guinardó;37;el Carmel;148;7078;1516
01/01/2026;7;Horta-Guinardó;37;el Carmel;148;7079;1573
01/01/2026;7;Horta-Guinardó;37;el Carmel;148;7080;1770
01/01/2026;7;Horta-Guinardó;38;la Teixonera;149;7081;1948
01/01/2026;7;Horta-Guinardó;38;la Teixonera;149;7082;1375
01/01/2026;7;Horta-Guinardó;38;la Teixonera;149;7083;1416
01/01/2026;7;Horta-Guinardó;38;la Teixonera;149;7084;1439
01/01/2026;7;Horta-Guinardó;38;la Teixonera;149;7085;1326
01/01/2026;7;Horta-Guinardó;38;la Teixonera;149;7086;1602
01/01/2026;7;Horta-Guinardó;38;la Teixonera;149;7087;1784
01/01/2026;7;Horta-Guinardó;38;la Teixonera;149;7088;1837
01/01/2026;7;Horta-Guinardó;39;Sant Genís dels Agudells;150;7089;1433
01/01/2026;7;Horta-Guinardó;39;Sant Genís dels Agudells;150;7090;1644
01/01/2026;7;Horta-Guinardó;39;Sant Genís dels Agudells;150;7091;1334
01/01/2026;7;Horta-Guinardó;39;Sant Genís dels Agudells;150;7092;1627
01/01/2026;7;Horta-Guinardó;39;Sant Genís dels Agudells;150;7093;1852
01/01/2026;7;Horta-Guinardó;40;Montbau;151;7094;1332
01/01/2026;7;Horta-Guinardó;40;Montbau;151;7095;1636
01/01/2026;7;Horta-Guinardó;40;Montbau;151;7096;1509
01/01/2026;7;Horta-Guinardó;40;Montbau;151;7097;876
01/01/2026;7;Horta-Guinardó;41;la Vall d'Hebron;152;7098;2226
01/01/2026;7;Horta-Guinardó;41;la Vall d'Hebron;152;7099;1038
01/01/2026;7;Horta-Guinardó;41;la Vall d'Hebron;152;7100;1236
01/01/2026;7;Horta-Guinardó;41;la Vall d'Hebron;152;7101;1587
01/01/2026;7;Horta-Guinardó;42;la Clota;153;7102;1123
01/01/2026;7;Horta-Guinardó;43;Horta;154;7103;1652
01/01/2026;7;Horta-Guinardó;43;Horta;154;7104;1644
01/01/2026;7;Horta-Guinardó;43;Horta;154;7105;1148
01/01/2026;7;Horta-Guinardó;43;Horta;154;7106;1234
01/01/2026;7;Horta-Guinardó;43;Horta;154;7107;1171
01/01/2026;7;Horta-Guinardó;43;Horta;154;7108;1265
01/01/2026;7;Horta-Guinardó;43;Horta;154;7109;1691
01/01/2026;7;Horta-Guinardó;43;Horta;154;7110;1056
01/01/2026;7;Horta-Guinardó;43;Horta;154;7111;944
01/01/2026;7;Horta-Guinardó;43;Horta;155;7112;1341
01/01/2026;7;Horta-Guinardó;43;Horta;155;7113;1291
01/01/2026;7;Horta-Guinardó;43;Horta;155;7114;1271
01/01/2026;7;Horta-Guinardó;43;Horta;155;7115;1098
01/01/2026;7;Horta-Guinardó;43;Horta;155;7116;1559
01/01/2026;7;Horta-Guinardó;43;Horta;155;7117;4580
01/01/2026;7;Horta-Guinardó;43;Horta;155;7118;1314
01/01/2026;7;Horta-Guinardó;43;Horta;156;7119;1404
01/01/2026;7;Horta-Guinardó;43;Horta;156;7120;1266
01/01/2026;7;Horta-Guinardó;43;Horta;156;7121;1268
01/01/2026;7;Horta-Guinardó;43;Horta;156;7122;1431
01/01/2026;7;Horta-Guinardó;43;Horta;156;7123;1488
01/01/2026;8;Nou Barris;44;Vilapicina i la Torre Llobeta;157;8001;1264
01/01/2026;8;Nou Barris;44;Vilapicina i la Torre Llobeta;157;8002;1352
01/01/2026;8;Nou Barris;44;Vilapicina i la Torre Llobeta;157;8003;1287
01/01/2026;8;Nou Barris;44;Vilapicina i la Torre Llobeta;157;8004;1538
01/01/2026;8;Nou Barris;44;Vilapicina i la Torre Llobeta;157;8005;1138
01/01/2026;8;Nou Barris;44;Vilapicina i la Torre Llobeta;157;8006;1709
01/01/2026;8;Nou Barris;44;Vilapicina i la Torre Llobeta;157;8007;1201
01/01/2026;8;Nou Barris;44;Vilapicina i la Torre Llobeta;157;8008;1640
01/01/2026;8;Nou Barris;44;Vilapicina i la Torre Llobeta;158;8009;1797
01/01/2026;8;Nou Barris;44;Vilapicina i la Torre Llobeta;159;8010;1141
01/01/2026;8;Nou Barris;44;Vilapicina i la Torre Llobeta;159;8011;1207
01/01/2026;8;Nou Barris;44;Vilapicina i la Torre Llobeta;159;8012;1299
01/01/2026;8;Nou Barris;44;Vilapicina i la Torre Llobeta;159;8013;1221
01/01/2026;8;Nou Barris;44;Vilapicina i la Torre Llobeta;159;8014;1279
01/01/2026;8;Nou Barris;44;Vilapicina i la Torre Llobeta;160;8015;1531
01/01/2026;8;Nou Barris;44;Vilapicina i la Torre Llobeta;160;8016;1215
01/01/2026;8;Nou Barris;44;Vilapicina i la Torre Llobeta;160;8017;1338
01/01/2026;8;Nou Barris;44;Vilapicina i la Torre Llobeta;160;8018;1493
01/01/2026;8;Nou Barris;44;Vilapicina i la Torre Llobeta;160;8019;1828
01/01/2026;8;Nou Barris;45;Porta;161;8020;1477
01/01/2026;8;Nou Barris;45;Porta;161;8021;1476
01/01/2026;8;Nou Barris;45;Porta;161;8022;1246
01/01/2026;8;Nou Barris;45;Porta;161;8023;1477
01/01/2026;8;Nou Barris;45;Porta;161;8024;1403
01/01/2026;8;Nou Barris;45;Porta;161;8025;1329
01/01/2026;8;Nou Barris;45;Porta;161;8026;1466
01/01/2026;8;Nou Barris;45;Porta;162;8027;1466
01/01/2026;8;Nou Barris;45;Porta;162;8028;1079
01/01/2026;8;Nou Barris;45;Porta;162;8029;1511
01/01/2026;8;Nou Barris;45;Porta;162;8030;1492
01/01/2026;8;Nou Barris;45;Porta;163;8031;1298
01/01/2026;8;Nou Barris;45;Porta;163;8032;1287
01/01/2026;8;Nou Barris;45;Porta;163;8033;1518
01/01/2026;8;Nou Barris;45;Porta;163;8034;1334
01/01/2026;8;Nou Barris;45;Porta;163;8035;7056
01/01/2026;8;Nou Barris;45;Porta;163;8036;1647
01/01/2026;8;Nou Barris;45;Porta;163;8037;1637
01/01/2026;8;Nou Barris;46;el Turó de la Peira;164;8038;1721
01/01/2026;8;Nou Barris;46;el Turó de la Peira;164;8039;1691
01/01/2026;8;Nou Barris;46;el Turó de la Peira;164;8040;2025
01/01/2026;8;Nou Barris;46;el Turó de la Peira;164;8041;2743
01/01/2026;8;Nou Barris;46;el Turó de la Peira;164;8042;1334
01/01/2026;8;Nou Barris;46;el Turó de la Peira;164;8043;1121
01/01/2026;8;Nou Barris;46;el Turó de la Peira;165;8044;1427
01/01/2026;8;Nou Barris;46;el Turó de la Peira;165;8045;1894
01/01/2026;8;Nou Barris;46;el Turó de la Peira;165;8046;1636
01/01/2026;8;Nou Barris;46;el Turó de la Peira;165;8047;1786
01/01/2026;8;Nou Barris;47;Can Peguera;166;8048;955
01/01/2026;8;Nou Barris;47;Can Peguera;166;8049;1167
01/01/2026;8;Nou Barris;48;la Guineueta;167;8050;1368
01/01/2026;8;Nou Barris;48;la Guineueta;167;8051;1340
01/01/2026;8;Nou Barris;48;la Guineueta;167;8052;927
01/01/2026;8;Nou Barris;48;la Guineueta;167;8053;1125
01/01/2026;8;Nou Barris;48;la Guineueta;167;8054;1694
01/01/2026;8;Nou Barris;48;la Guineueta;167;8055;1798
01/01/2026;8;Nou Barris;48;la Guineueta;167;8215;1642
01/01/2026;8;Nou Barris;48;la Guineueta;168;8056;1588
01/01/2026;8;Nou Barris;48;la Guineueta;168;8057;1392
01/01/2026;8;Nou Barris;48;la Guineueta;168;8058;1698
01/01/2026;8;Nou Barris;48;la Guineueta;168;8059;1052
01/01/2026;8;Nou Barris;49;Canyelles;169;8060;1241
01/01/2026;8;Nou Barris;49;Canyelles;169;8061;1648
01/01/2026;8;Nou Barris;49;Canyelles;169;8062;1131
01/01/2026;8;Nou Barris;49;Canyelles;169;8063;1075
01/01/2026;8;Nou Barris;49;Canyelles;169;8064;1811
01/01/2026;8;Nou Barris;50;les Roquetes;170;8065;1868
01/01/2026;8;Nou Barris;50;les Roquetes;170;8066;1742
01/01/2026;8;Nou Barris;50;les Roquetes;170;8067;1987
01/01/2026;8;Nou Barris;50;les Roquetes;170;8068;2039
01/01/2026;8;Nou Barris;50;les Roquetes;170;8069;1668
01/01/2026;8;Nou Barris;50;les Roquetes;171;8070;1603
01/01/2026;8;Nou Barris;50;les Roquetes;171;8071;1796
01/01/2026;8;Nou Barris;50;les Roquetes;171;8072;1235
01/01/2026;8;Nou Barris;50;les Roquetes;171;8073;1998
01/01/2026;8;Nou Barris;50;les Roquetes;171;8074;1659
01/01/2026;8;Nou Barris;51;Verdun;172;8075;2022
01/01/2026;8;Nou Barris;51;Verdun;172;8076;1673
01/01/2026;8;Nou Barris;51;Verdun;172;8077;1440
01/01/2026;8;Nou Barris;51;Verdun;173;8078;1720
01/01/2026;8;Nou Barris;51;Verdun;173;8079;1527
01/01/2026;8;Nou Barris;51;Verdun;173;8080;1647
01/01/2026;8;Nou Barris;51;Verdun;173;8081;1747
01/01/2026;8;Nou Barris;51;Verdun;173;8082;1731
01/01/2026;8;Nou Barris;52;la Prosperitat;174;8083;1388
01/01/2026;8;Nou Barris;52;la Prosperitat;174;8084;1197
01/01/2026;8;Nou Barris;52;la Prosperitat;174;8085;1605
01/01/2026;8;Nou Barris;52;la Prosperitat;174;8086;1798
01/01/2026;8;Nou Barris;52;la Prosperitat;175;8087;1361
01/01/2026;8;Nou Barris;52;la Prosperitat;175;8088;1334
01/01/2026;8;Nou Barris;52;la Prosperitat;175;8089;1220
01/01/2026;8;Nou Barris;52;la Prosperitat;175;8090;1335
01/01/2026;8;Nou Barris;52;la Prosperitat;175;8091;1463
01/01/2026;8;Nou Barris;52;la Prosperitat;176;8092;986
01/01/2026;8;Nou Barris;52;la Prosperitat;176;8093;1354
01/01/2026;8;Nou Barris;52;la Prosperitat;176;8094;1475
01/01/2026;8;Nou Barris;52;la Prosperitat;176;8095;1165
01/01/2026;8;Nou Barris;52;la Prosperitat;177;8096;1525
01/01/2026;8;Nou Barris;52;la Prosperitat;177;8097;1367
01/01/2026;8;Nou Barris;52;la Prosperitat;177;8098;1342
01/01/2026;8;Nou Barris;52;la Prosperitat;177;8099;1515
01/01/2026;8;Nou Barris;52;la Prosperitat;177;8100;1349
01/01/2026;8;Nou Barris;52;la Prosperitat;177;8101;1765
01/01/2026;8;Nou Barris;52;la Prosperitat;177;8102;1630
01/01/2026;8;Nou Barris;53;la Trinitat Nova;178;8103;1871
01/01/2026;8;Nou Barris;53;la Trinitat Nova;178;8104;1379
01/01/2026;8;Nou Barris;53;la Trinitat Nova;178;8105;1531
01/01/2026;8;Nou Barris;53;la Trinitat Nova;178;8106;1432
01/01/2026;8;Nou Barris;53;la Trinitat Nova;178;8107;1915
01/01/2026;8;Nou Barris;54;Torre Baró;179;8108;2271
01/01/2026;8;Nou Barris;54;Torre Baró;179;8109;965
01/01/2026;8;Nou Barris;55;Ciutat Meridiana;180;8110;2092
01/01/2026;8;Nou Barris;55;Ciutat Meridiana;180;8111;1794
01/01/2026;8;Nou Barris;55;Ciutat Meridiana;180;8112;1896
01/01/2026;8;Nou Barris;55;Ciutat Meridiana;180;8113;1853
01/01/2026;8;Nou Barris;55;Ciutat Meridiana;180;8114;2029
01/01/2026;8;Nou Barris;55;Ciutat Meridiana;180;8115;1829
01/01/2026;8;Nou Barris;56;Vallbona;181;8116;1440
01/01/2026;9;Sant Andreu;57;la Trinitat Vella;182;9001;2835
01/01/2026;9;Sant Andreu;57;la Trinitat Vella;182;9002;2313
01/01/2026;9;Sant Andreu;57;la Trinitat Vella;182;9003;2302
01/01/2026;9;Sant Andreu;57;la Trinitat Vella;182;9004;1837
01/01/2026;9;Sant Andreu;57;la Trinitat Vella;182;9005;2020
01/01/2026;9;Sant Andreu;58;Baró de Viver;183;9006;1322
01/01/2026;9;Sant Andreu;58;Baró de Viver;183;9007;1346
01/01/2026;9;Sant Andreu;59;el Bon Pastor;184;9008;1914
01/01/2026;9;Sant Andreu;59;el Bon Pastor;184;9009;1419
01/01/2026;9;Sant Andreu;59;el Bon Pastor;185;9010;1807
01/01/2026;9;Sant Andreu;59;el Bon Pastor;185;9011;1988
01/01/2026;9;Sant Andreu;59;el Bon Pastor;185;9013;2168
01/01/2026;9;Sant Andreu;59;el Bon Pastor;185;9014;4528
01/01/2026;9;Sant Andreu;59;el Bon Pastor;185;9015;2047
01/01/2026;9;Sant Andreu;60;Sant Andreu;186;9016;1261
01/01/2026;9;Sant Andreu;60;Sant Andreu;186;9017;1569
01/01/2026;9;Sant Andreu;60;Sant Andreu;186;9018;1450
01/01/2026;9;Sant Andreu;60;Sant Andreu;186;9019;2618
01/01/2026;9;Sant Andreu;60;Sant Andreu;186;9020;1197
01/01/2026;9;Sant Andreu;60;Sant Andreu;186;9021;1408
01/01/2026;9;Sant Andreu;60;Sant Andreu;186;9022;1238
01/01/2026;9;Sant Andreu;60;Sant Andreu;186;9023;1210
01/01/2026;9;Sant Andreu;60;Sant Andreu;187;9024;1218
01/01/2026;9;Sant Andreu;60;Sant Andreu;187;9025;1233
01/01/2026;9;Sant Andreu;60;Sant Andreu;187;9026;1535
01/01/2026;9;Sant Andreu;60;Sant Andreu;187;9027;1308
01/01/2026;9;Sant Andreu;60;Sant Andreu;188;9028;1515
01/01/2026;9;Sant Andreu;60;Sant Andreu;188;9029;1080
01/01/2026;9;Sant Andreu;60;Sant Andreu;188;9030;1465
01/01/2026;9;Sant Andreu;60;Sant Andreu;188;9031;1178
01/01/2026;9;Sant Andreu;60;Sant Andreu;189;9032;2499
01/01/2026;9;Sant Andreu;60;Sant Andreu;189;9033;3365
01/01/2026;9;Sant Andreu;60;Sant Andreu;190;9034;1467
01/01/2026;9;Sant Andreu;60;Sant Andreu;190;9035;1612
01/01/2026;9;Sant Andreu;60;Sant Andreu;190;9036;1504
01/01/2026;9;Sant Andreu;60;Sant Andreu;190;9037;1743
01/01/2026;9;Sant Andreu;60;Sant Andreu;190;9038;1751
01/01/2026;9;Sant Andreu;60;Sant Andreu;190;9039;1558
01/01/2026;9;Sant Andreu;60;Sant Andreu;191;9040;1746
01/01/2026;9;Sant Andreu;60;Sant Andreu;191;9041;1431
01/01/2026;9;Sant Andreu;60;Sant Andreu;191;9042;1299
01/01/2026;9;Sant Andreu;60;Sant Andreu;191;9043;1392
01/01/2026;9;Sant Andreu;60;Sant Andreu;191;9044;1593
01/01/2026;9;Sant Andreu;60;Sant Andreu;191;9045;1421
01/01/2026;9;Sant Andreu;60;Sant Andreu;192;9046;1304
01/01/2026;9;Sant Andreu;60;Sant Andreu;192;9047;1623
01/01/2026;9;Sant Andreu;60;Sant Andreu;192;9048;1345
01/01/2026;9;Sant Andreu;60;Sant Andreu;192;9049;1295
01/01/2026;9;Sant Andreu;60;Sant Andreu;192;9050;1574
01/01/2026;9;Sant Andreu;60;Sant Andreu;192;9051;1281
01/01/2026;9;Sant Andreu;60;Sant Andreu;192;9052;1244
01/01/2026;9;Sant Andreu;60;Sant Andreu;192;9053;1691
01/01/2026;9;Sant Andreu;60;Sant Andreu;192;9054;1109
01/01/2026;9;Sant Andreu;61;la Sagrera;193;9055;1871
01/01/2026;9;Sant Andreu;61;la Sagrera;193;9056;1139
01/01/2026;9;Sant Andreu;61;la Sagrera;193;9057;1845
01/01/2026;9;Sant Andreu;61;la Sagrera;193;9058;1586
01/01/2026;9;Sant Andreu;61;la Sagrera;193;9059;1447
01/01/2026;9;Sant Andreu;61;la Sagrera;193;9060;1449
01/01/2026;9;Sant Andreu;61;la Sagrera;193;9156;1267
01/01/2026;9;Sant Andreu;61;la Sagrera;194;9061;1841
01/01/2026;9;Sant Andreu;61;la Sagrera;194;9062;1692
01/01/2026;9;Sant Andreu;61;la Sagrera;195;9063;1550
01/01/2026;9;Sant Andreu;61;la Sagrera;195;9064;1183
01/01/2026;9;Sant Andreu;61;la Sagrera;195;9065;2109
01/01/2026;9;Sant Andreu;61;la Sagrera;195;9066;1468
01/01/2026;9;Sant Andreu;61;la Sagrera;195;9067;1496
01/01/2026;9;Sant Andreu;61;la Sagrera;196;9068;1579
01/01/2026;9;Sant Andreu;61;la Sagrera;196;9069;1003
01/01/2026;9;Sant Andreu;61;la Sagrera;196;9070;1774
01/01/2026;9;Sant Andreu;61;la Sagrera;196;9071;1932
01/01/2026;9;Sant Andreu;61;la Sagrera;196;9072;1547
01/01/2026;9;Sant Andreu;61;la Sagrera;196;9073;1469
01/01/2026;9;Sant Andreu;62;el Congrés i els Indians;197;9074;1805
01/01/2026;9;Sant Andreu;62;el Congrés i els Indians;197;9075;1600
01/01/2026;9;Sant Andreu;62;el Congrés i els Indians;197;9076;1565
01/01/2026;9;Sant Andreu;62;el Congrés i els Indians;197;9077;1676
01/01/2026;9;Sant Andreu;62;el Congrés i els Indians;198;9078;1545
01/01/2026;9;Sant Andreu;62;el Congrés i els Indians;198;9079;1687
01/01/2026;9;Sant Andreu;62;el Congrés i els Indians;198;9080;1379
01/01/2026;9;Sant Andreu;62;el Congrés i els Indians;198;9081;1810
01/01/2026;9;Sant Andreu;62;el Congrés i els Indians;198;9082;2187
01/01/2026;9;Sant Andreu;63;Navas;199;9083;1754
01/01/2026;9;Sant Andreu;63;Navas;199;9084;1741
01/01/2026;9;Sant Andreu;63;Navas;199;9085;1785
01/01/2026;9;Sant Andreu;63;Navas;199;9086;1513
01/01/2026;9;Sant Andreu;63;Navas;199;9087;1303
01/01/2026;9;Sant Andreu;63;Navas;199;9088;2002
01/01/2026;9;Sant Andreu;63;Navas;199;9089;1520
01/01/2026;9;Sant Andreu;63;Navas;200;9090;1633
01/01/2026;9;Sant Andreu;63;Navas;200;9091;1853
01/01/2026;9;Sant Andreu;63;Navas;200;9092;1893
01/01/2026;9;Sant Andreu;63;Navas;200;9093;1293
01/01/2026;9;Sant Andreu;63;Navas;200;9094;2039
01/01/2026;9;Sant Andreu;63;Navas;200;9095;2278
01/01/2026;10;Sant Martí;64;el Camp de l'Arpa del Clot;201;10001;1654
01/01/2026;10;Sant Martí;64;el Camp de l'Arpa del Clot;201;10002;1939
01/01/2026;10;Sant Martí;64;el Camp de l'Arpa del Clot;201;10003;1632
01/01/2026;10;Sant Martí;64;el Camp de l'Arpa del Clot;201;10004;1609
01/01/2026;10;Sant Martí;64;el Camp de l'Arpa del Clot;201;10005;1594
01/01/2026;10;Sant Martí;64;el Camp de l'Arpa del Clot;202;10006;1900
01/01/2026;10;Sant Martí;64;el Camp de l'Arpa del Clot;202;10007;1354
01/01/2026;10;Sant Martí;64;el Camp de l'Arpa del Clot;202;10008;1792
01/01/2026;10;Sant Martí;64;el Camp de l'Arpa del Clot;202;10009;1684
01/01/2026;10;Sant Martí;64;el Camp de l'Arpa del Clot;202;10010;1793
01/01/2026;10;Sant Martí;64;el Camp de l'Arpa del Clot;202;10011;1252
01/01/2026;10;Sant Martí;64;el Camp de l'Arpa del Clot;203;10012;1768
01/01/2026;10;Sant Martí;64;el Camp de l'Arpa del Clot;203;10013;1439
01/01/2026;10;Sant Martí;64;el Camp de l'Arpa del Clot;203;10014;1408
01/01/2026;10;Sant Martí;64;el Camp de l'Arpa del Clot;203;10015;2043
01/01/2026;10;Sant Martí;64;el Camp de l'Arpa del Clot;203;10016;1288
01/01/2026;10;Sant Martí;64;el Camp de l'Arpa del Clot;203;10017;1672
01/01/2026;10;Sant Martí;64;el Camp de l'Arpa del Clot;203;10018;1476
01/01/2026;10;Sant Martí;64;el Camp de l'Arpa del Clot;204;10019;1589
01/01/2026;10;Sant Martí;64;el Camp de l'Arpa del Clot;204;10020;1507
01/01/2026;10;Sant Martí;64;el Camp de l'Arpa del Clot;204;10021;1319
01/01/2026;10;Sant Martí;64;el Camp de l'Arpa del Clot;204;10022;1373
01/01/2026;10;Sant Martí;64;el Camp de l'Arpa del Clot;204;10023;1475
01/01/2026;10;Sant Martí;64;el Camp de l'Arpa del Clot;204;10024;1575
01/01/2026;10;Sant Martí;64;el Camp de l'Arpa del Clot;204;10025;1400
01/01/2026;10;Sant Martí;65;el Clot;205;10026;1726
01/01/2026;10;Sant Martí;65;el Clot;205;10027;1549
01/01/2026;10;Sant Martí;65;el Clot;205;10028;1808
01/01/2026;10;Sant Martí;65;el Clot;205;10029;1429
01/01/2026;10;Sant Martí;65;el Clot;205;10030;1775
01/01/2026;10;Sant Martí;65;el Clot;205;10031;1584
01/01/2026;10;Sant Martí;65;el Clot;206;10032;1314
01/01/2026;10;Sant Martí;65;el Clot;206;10033;825
01/01/2026;10;Sant Martí;65;el Clot;206;10034;1620
01/01/2026;10;Sant Martí;65;el Clot;206;10035;1911
01/01/2026;10;Sant Martí;65;el Clot;206;10036;1415
01/01/2026;10;Sant Martí;65;el Clot;206;10037;1105
01/01/2026;10;Sant Martí;65;el Clot;206;10234;1747
01/01/2026;10;Sant Martí;65;el Clot;207;10038;1659
01/01/2026;10;Sant Martí;65;el Clot;207;10039;1889
01/01/2026;10;Sant Martí;65;el Clot;207;10040;1931
01/01/2026;10;Sant Martí;65;el Clot;207;10041;1620
01/01/2026;10;Sant Martí;66;el Parc i la Llacuna del Poblenou;208;10042;3713
01/01/2026;10;Sant Martí;66;el Parc i la Llacuna del Poblenou;208;10043;3301
01/01/2026;10;Sant Martí;66;el Parc i la Llacuna del Poblenou;209;10044;1623
01/01/2026;10;Sant Martí;66;el Parc i la Llacuna del Poblenou;209;10045;1262
01/01/2026;10;Sant Martí;66;el Parc i la Llacuna del Poblenou;209;10046;1261
01/01/2026;10;Sant Martí;66;el Parc i la Llacuna del Poblenou;209;10047;2092
01/01/2026;10;Sant Martí;66;el Parc i la Llacuna del Poblenou;209;10048;1624
01/01/2026;10;Sant Martí;66;el Parc i la Llacuna del Poblenou;209;10049;1216
01/01/2026;10;Sant Martí;66;el Parc i la Llacuna del Poblenou;209;10050;1547
01/01/2026;10;Sant Martí;67;la Vila Olímpica del Poblenou;210;10051;1688
01/01/2026;10;Sant Martí;67;la Vila Olímpica del Poblenou;210;10052;2435
01/01/2026;10;Sant Martí;67;la Vila Olímpica del Poblenou;210;10053;1669
01/01/2026;10;Sant Martí;67;la Vila Olímpica del Poblenou;210;10054;946
01/01/2026;10;Sant Martí;67;la Vila Olímpica del Poblenou;211;10055;2555
01/01/2026;10;Sant Martí;68;el Poblenou;212;10056;1877
01/01/2026;10;Sant Martí;68;el Poblenou;212;10057;1456
01/01/2026;10;Sant Martí;68;el Poblenou;212;10058;1202
01/01/2026;10;Sant Martí;68;el Poblenou;213;10059;1839
01/01/2026;10;Sant Martí;68;el Poblenou;213;10060;1713
01/01/2026;10;Sant Martí;68;el Poblenou;213;10061;1737
01/01/2026;10;Sant Martí;68;el Poblenou;213;10062;1485
01/01/2026;10;Sant Martí;68;el Poblenou;214;10063;1332
01/01/2026;10;Sant Martí;68;el Poblenou;214;10064;1745
01/01/2026;10;Sant Martí;68;el Poblenou;214;10065;1649
01/01/2026;10;Sant Martí;68;el Poblenou;214;10066;2077
01/01/2026;10;Sant Martí;68;el Poblenou;214;10067;1856
01/01/2026;10;Sant Martí;68;el Poblenou;214;10068;1610
01/01/2026;10;Sant Martí;68;el Poblenou;215;10069;2884
01/01/2026;10;Sant Martí;68;el Poblenou;215;10070;1674
01/01/2026;10;Sant Martí;68;el Poblenou;215;10071;1719
01/01/2026;10;Sant Martí;68;el Poblenou;215;10072;2075
01/01/2026;10;Sant Martí;68;el Poblenou;215;10073;1463
01/01/2026;10;Sant Martí;68;el Poblenou;215;10074;1804
01/01/2026;10;Sant Martí;68;el Poblenou;215;10075;1539
01/01/2026;10;Sant Martí;69;Diagonal Mar i el Front Marítim del Poblenou;216;10076;2286
01/01/2026;10;Sant Martí;69;Diagonal Mar i el Front Marítim del Poblenou;216;10235;1421
01/01/2026;10;Sant Martí;69;Diagonal Mar i el Front Marítim del Poblenou;216;10236;1600
01/01/2026;10;Sant Martí;69;Diagonal Mar i el Front Marítim del Poblenou;217;10077;1842
01/01/2026;10;Sant Martí;69;Diagonal Mar i el Front Marítim del Poblenou;217;10078;2438
01/01/2026;10;Sant Martí;69;Diagonal Mar i el Front Marítim del Poblenou;217;10079;1668
01/01/2026;10;Sant Martí;69;Diagonal Mar i el Front Marítim del Poblenou;218;10080;2516
01/01/2026;10;Sant Martí;70;el Besòs i el Maresme;219;10081;2297
01/01/2026;10;Sant Martí;70;el Besòs i el Maresme;219;10082;2280
01/01/2026;10;Sant Martí;70;el Besòs i el Maresme;219;10083;2382
01/01/2026;10;Sant Martí;70;el Besòs i el Maresme;219;10084;1712
01/01/2026;10;Sant Martí;70;el Besòs i el Maresme;220;10085;2242
01/01/2026;10;Sant Martí;70;el Besòs i el Maresme;220;10086;2121
01/01/2026;10;Sant Martí;70;el Besòs i el Maresme;220;10087;1960
01/01/2026;10;Sant Martí;70;el Besòs i el Maresme;220;10088;1678
01/01/2026;10;Sant Martí;70;el Besòs i el Maresme;221;10089;7337
01/01/2026;10;Sant Martí;70;el Besòs i el Maresme;222;10090;1539
01/01/2026;10;Sant Martí;70;el Besòs i el Maresme;222;10091;2045
01/01/2026;10;Sant Martí;70;el Besòs i el Maresme;222;10092;1466
01/01/2026;10;Sant Martí;70;el Besòs i el Maresme;222;10093;1636
01/01/2026;10;Sant Martí;71;Provençals del Poblenou;223;10094;3664
01/01/2026;10;Sant Martí;71;Provençals del Poblenou;223;10095;1464
01/01/2026;10;Sant Martí;71;Provençals del Poblenou;224;10096;1664
01/01/2026;10;Sant Martí;71;Provençals del Poblenou;224;10097;1574
01/01/2026;10;Sant Martí;71;Provençals del Poblenou;224;10098;1719
01/01/2026;10;Sant Martí;71;Provençals del Poblenou;224;10099;1117
01/01/2026;10;Sant Martí;71;Provençals del Poblenou;224;10100;1802
01/01/2026;10;Sant Martí;71;Provençals del Poblenou;225;10101;1797
01/01/2026;10;Sant Martí;71;Provençals del Poblenou;225;10102;2663
01/01/2026;10;Sant Martí;71;Provençals del Poblenou;225;10103;2177
01/01/2026;10;Sant Martí;71;Provençals del Poblenou;225;10104;1526
01/01/2026;10;Sant Martí;71;Provençals del Poblenou;225;10237;909
01/01/2026;10;Sant Martí;72;Sant Martí de Provençals;226;10105;2135
01/01/2026;10;Sant Martí;72;Sant Martí de Provençals;226;10106;1045
01/01/2026;10;Sant Martí;72;Sant Martí de Provençals;226;10107;1524
01/01/2026;10;Sant Martí;72;Sant Martí de Provençals;226;10108;1356
01/01/2026;10;Sant Martí;72;Sant Martí de Provençals;226;10109;1787
01/01/2026;10;Sant Martí;72;Sant Martí de Provençals;226;10110;1980
01/01/2026;10;Sant Martí;72;Sant Martí de Provençals;227;10111;1320
01/01/2026;10;Sant Martí;72;Sant Martí de Provençals;227;10112;1489
01/01/2026;10;Sant Martí;72;Sant Martí de Provençals;227;10113;1238
01/01/2026;10;Sant Martí;72;Sant Martí de Provençals;227;10114;1606
01/01/2026;10;Sant Martí;72;Sant Martí de Provençals;228;10115;1440
01/01/2026;10;Sant Martí;72;Sant Martí de Provençals;228;10116;1936
01/01/2026;10;Sant Martí;72;Sant Martí de Provençals;228;10117;1286
01/01/2026;10;Sant Martí;72;Sant Martí de Provençals;228;10118;1001
01/01/2026;10;Sant Martí;72;Sant Martí de Provençals;228;10119;1231
01/01/2026;10;Sant Martí;72;Sant Martí de Provençals;229;10120;1587
01/01/2026;10;Sant Martí;72;Sant Martí de Provençals;229;10121;1623
01/01/2026;10;Sant Martí;72;Sant Martí de Provençals;229;10122;1451
01/01/2026;10;Sant Martí;73;la Verneda i la Pau;230;10123;1349
01/01/2026;10;Sant Martí;73;la Verneda i la Pau;230;10124;1049
01/01/2026;10;Sant Martí;73;la Verneda i la Pau;230;10125;1112
01/01/2026;10;Sant Martí;73;la Verneda i la Pau;230;10126;968
01/01/2026;10;Sant Martí;73;la Verneda i la Pau;230;10127;1001
01/01/2026;10;Sant Martí;73;la Verneda i la Pau;230;10128;1574
01/01/2026;10;Sant Martí;73;la Verneda i la Pau;230;10129;1124
01/01/2026;10;Sant Martí;73;la Verneda i la Pau;231;10130;1244
01/01/2026;10;Sant Martí;73;la Verneda i la Pau;231;10131;1006
01/01/2026;10;Sant Martí;73;la Verneda i la Pau;231;10132;1246
01/01/2026;10;Sant Martí;73;la Verneda i la Pau;231;10133;1769
01/01/2026;10;Sant Martí;73;la Verneda i la Pau;231;10134;1635
01/01/2026;10;Sant Martí;73;la Verneda i la Pau;231;10135;1198
01/01/2026;10;Sant Martí;73;la Verneda i la Pau;232;10136;1511
01/01/2026;10;Sant Martí;73;la Verneda i la Pau;232;10137;1631
01/01/2026;10;Sant Martí;73;la Verneda i la Pau;232;10138;3322
01/01/2026;10;Sant Martí;73;la Verneda i la Pau;232;10139;1733
01/01/2026;10;Sant Martí;73;la Verneda i la Pau;233;10140;1739
01/01/2026;10;Sant Martí;73;la Verneda i la Pau;233;10141;1154
01/01/2026;10;Sant Martí;73;la Verneda i la Pau;233;10142;1736
01/01/2026;10;Sant Martí;73;la Verneda i la Pau;233;10143;1837
