Analysis_City,Source_City,CityPaq_Row,CityPaq_Company,CityPaq_Location,CityPaq_Address,CityPaq_Latitude,CityPaq_Longitude,Match_Type,Nearest_Master_Row,Master_Company,Master_Location,Master_Address,Master_Latitude,Master_Longitude,Distance_m,Same_Company,Same_Address,Address_Similarity,Location_Similarity,CityPaq_Branch_ID,Master_Branch_ID,Same_Branch_ID,Same_City,Classification,Within_50m
Barcelona,Barcelona,26,Correos Citypaq,BARCELONA SUC 29. VALL D`HEBRON,Car. Arenys 16-18,41.42194105115,2.141992149,Nearest same company,73,Correos,Barcelona Suc 29. Vall D`Hebron,"Carrer d'Arenys, 16-18",41.4220501831563,2.14204627847735,12.95,True,False,86.49,100.0,29,29,True,True,"Existing branch, probable duplicate",True
Barcelona,Barcelona,7,Correos Citypaq,BARCELONA SUC 22. SANT ANTONI,Avd. Mistral 44,41.37639458134,2.15521814816,Nearest same company,22,Correos,Correos Barcelona Suc 22. Sepulveda,"Av. de Mistral, 44",41.3765687056845,2.15520364760172,19.4,True,False,93.33,61.29,22,22,True,True,"Existing branch, probable duplicate",True
Barcelona,Barcelona,21,Correos Citypaq,BARCELONA SUC 14. LES TRES TORRES,Car. Castellnou 57,41.39643355159,2.12877540109,Nearest same company,31,Correos,Correos Barcelona Suc 14. Les Tres Torres,"Carrer de Castellnou, 57",41.3966016835664,2.12869986764469,19.73,True,False,85.0,88.89,14,14,True,True,"Existing branch, probable duplicate",True
Barcelona,Barcelona,9,Correos Citypaq,BARCELONA SUC 35. CALABRIA-ROSELLO,Car. Calabria 235,41.38607985221,2.14657740249,Nearest same company,75,Correos,Barcelona Suc 35. Calabria-Rosello,"C. de Calabria, 235",41.3862502645595,2.14645582055884,21.49,True,False,84.85,100.0,35,35,True,True,"Existing branch, probable duplicate",True
Barcelona,Barcelona,27,Correos Citypaq,BARCELONA SUC 10. HORTA,Car. Santiago Rusiñol 16-18,41.42834717544,2.1669419684,Nearest same company,69,Correos,Oficina De Correos Suc 10,"Carrer de Santiago Rusiñol, 16-18",41.4285346884364,2.16687184744559,21.65,True,False,89.66,42.55,10,10,True,True,"Existing branch, probable duplicate",True
Barcelona,Barcelona,28,Correos Citypaq,BARCELONA SUC 27. SANT MARTI,Rb. Guipuscoa 119,41.42084820462,2.20287034967,Nearest same company,25,Correos,Correos Barcelona Suc 27. Sant Marti,"Rambla de Guipúscoa, 119",41.4210723115493,2.20283750537109,25.07,True,False,82.05,87.1,27,27,True,True,"Existing branch, probable duplicate",True
Barcelona,Barcelona,11,Correos Citypaq,BARCELONA SUC 16. LA VILA OLIMPICA,Car. Doctor Trueta 58-60,41.3923011431,2.19504844116,Nearest same company,14,Correos,Correos Barcelona Suc 16. La Vila Olimpica,"C. del Dr. Trueta, 58",41.3925164177069,2.19522124697576,27.94,True,False,68.29,89.19,16,16,True,True,"Existing branch, probable duplicate",True
Barcelona,Barcelona,2,Correos Citypaq,BARCELONA SUC 20. URQUINAONA,Car. Ausias March 13,41.39031740247,2.17428612195,Nearest same company,58,Correos,Correos Barcelona Suc 20. Urquinaona,"Carrer d'Ausiàs Marc, 13",41.3905120263741,2.174037362811,29.98,True,False,85.71,87.1,20,20,True,True,"Existing branch, probable duplicate",True
Barcelona,Barcelona,1,Correos Citypaq,BARCELONA SUC 33. RONDA UNIVERSITAT,Rda. Universitat 23,41.38687370422,2.16711650664,Nearest same company,60,Correos,Correos Barcelona Suc 33. Ronda Universitat,"Ronda de la Universidad, 23",41.3870189847678,2.1666723469701,40.42,True,False,72.73,89.47,33,33,True,True,"Existing branch, probable duplicate",True
Barcelona,Barcelona,12,Correos Citypaq,BARCELONA SUC 24. SAGRADA FAMILIA,Car. Castillejos 276,41.40719330084,2.17741969161,Nearest same company,18,Correos,Correos Barcelona Suc 24. Sagrada Familia,"Carrer de los Castillejos, 276",41.4076498819456,2.17736363301539,50.98,True,False,79.17,88.89,24,24,True,True,Possibly new,False
Barcelona,Hospitalet De Llobregat (l'),24,Correos Citypaq,L'HOSPITALET DE LLOBREGAT SUC 1. SANTA EULALIA,Car. Marti Codolar 44,41.36806479898,2.12989754743,Nearest same company,68,Correos,Oficina De Correos Y Citypaq,"Carrer Martí Codolar, 44",41.368554628371,2.12980844757919,54.97,True,False,93.02,30.14,1,,False,False,Outside analysis city,False
Barcelona,Barcelona,17,Correos Citypaq,BARCELONA SUC 15. EL CLOT,Car. Rossend Nobas 31,41.40935987284,2.19018084476,Nearest same company,17,Correos,Correos Barcelona Suc 15. El Clot,"Carrer de Rossend Nobas, 31",41.4090530312734,2.18965419047256,55.62,True,False,86.96,85.71,15,15,True,True,Possibly new,False
Barcelona,Barcelona,22,Correos Citypaq,BARCELONA SUC 23. LES CORTS,Avd. Madrid 106,41.37880989953,2.12805649951,Nearest same company,66,Correos,Correos Barcelona Suc 23. Les Corts,"Av. de Madrid, 106",41.3793229014627,2.12808156052457,57.08,True,False,93.33,86.67,23,23,True,True,Possibly new,False
Barcelona,Barcelona,10,Correos Citypaq,BARCELONA SUC 32. GRACIA,Car. Gran De Gracia 118,41.4011062063,2.15398568507,Nearest same company,55,Correos,Correos Barcelona Suc 32. Gracia,"Carrer Gran de Gràcia, 118",41.401636463491,2.15391275381462,59.27,True,False,93.62,85.19,32,32,True,True,Possibly new,False
Barcelona,Barcelona,16,Correos Citypaq,BARCELONA SUC 7. VIA AUGUSTA,Car. Via Augusta 207,41.3978129009,2.13874520019,Nearest same company,27,Correos,Correos Barcelona Suc 7. Via Augusta,"Vía Augusta, 207",41.3982853926703,2.13832098806894,63.34,True,False,88.24,87.1,7,7,True,True,Possibly new,False
Barcelona,Barcelona,19,Correos Citypaq,BARCELONA SUC 21. POBLE NOU,Car. Ramon Turro 248-250,41.4017321503,2.20538894999,Nearest same company,2,Correos,Correos Barcelona Suc 21. Poble Nou,"Carrer de Ramon Turró, 248",41.4022138427678,2.20590386221512,68.65,True,False,79.17,86.67,21,21,True,True,Possibly new,False
Barcelona,Barcelona,4,Correos Citypaq,BARCELONA SUC 8. TETUÁN,Car. Consell De Cent 445,41.39775383383,2.17454816445,Nearest same company,57,Correos,Correos Barcelona Suc 8. Tetuan,"Calle del Consejo de Ciento, 445",41.3983812645151,2.17444660777575,70.28,True,False,74.07,84.62,8,8,True,True,Possibly new,False
Barcelona,Barcelona,5,Correos Citypaq,BARCELONA OP,Pç. Antonio López S/n,41.38192911682,2.18144336938,Nearest same company,35,Correos,Correos Barcelona Op,"Pl. de Correus, S/N, Ciutat Vella",41.3824360062265,2.18088289383968,73.24,True,False,32.0,75.0,,,False,True,Possibly new,False
Barcelona,Barcelona,3,Correos Citypaq,BARCELONA SUC 1 PLAZA LETAMENDI,Pç. Letamendi 5-7,41.3894524464,2.16123945282,Nearest same company,10,Correos,Correos Barcelona Suc 1 Plaza Letamendi,"Pl. del Dr. Letamendi, 5-7",41.3887359724653,2.16088127967393,85.09,True,False,76.92,88.57,1,1,True,True,Possibly new,False
Barcelona,Barcelona,25,Correos Citypaq,BARCELONA SUC 41. ALTS FORNS,Car. Alts Forns 65-67,41.35868953129,2.14083271321,Nearest same company,41,Correos,Condis,"Pg. de la Zona Franca, 168",41.3600466795694,2.13949751080658,187.59,True,False,18.18,24.24,41,,False,True,Possibly new,False
Barcelona,Barcelona,13,Correos Citypaq,BARCELONA SUC 4. INDEPENDENCIA-ROSSELLÓ,Car. Independencia 333,41.40990854786,2.18060687363,Nearest same company,18,Correos,Correos Barcelona Suc 24. Sagrada Familia,"Carrer de los Castillejos, 276",41.4076498819456,2.17736363301539,369.1,True,False,32.0,48.72,4,24,False,True,Possibly new,False
Barcelona,Barcelona,23,Correos Citypaq,BARCELONA SUC 19. CONGRÈS,Car. Jordi De Sant Jordi 5-7,41.42119427623,2.18272777658,Nearest same company,12,Correos,Rodalies La Sagrera-Meridiana,"Av. Meridiana, 305",41.4243361497558,2.18638787680952,463.88,True,False,37.21,33.96,19,,False,True,Possibly new,False
Barcelona,Barcelona,8,Correos Citypaq,BARCELONA SUC 34. PS SANT JOAN,Ps. Sant Joan 196,41.40390476319,2.16392337385,Nearest same company,52,Correos,Condislife,"C. del Bruc, 166",41.399260929402,2.16388802115237,516.38,True,False,33.33,20.51,34,,False,True,Possibly new,False
Barcelona,Barcelona,14,Correos Citypaq,BARCELONA SUC 5. HOSTAFRANCS,Gv. Corts Catalanes 282,41.37167648163,2.14489665657,Nearest same company,29,Correos,Fgc Plaça Espanya,Plaça Espanya S/N,41.3758195903501,2.14798766214634,527.98,True,False,20.51,31.82,5,,False,True,Possibly new,False
Barcelona,Barcelona,6,Correos Citypaq,BARCELONA SUC 12. COMTE DE SALVATIERRA-VIA AUGUSTA,Car. Comte De Salvatierra 5,41.39620701512,2.15413768288,Nearest same company,26,Correos,Fgc Provença,Calle C/ Balmes Esq C/ Rosello S/N,41.3927884651406,2.15860202219929,532.14,True,False,31.03,13.11,12,,False,True,Possibly new,False
Barcelona,Barcelona,18,Correos Citypaq,BARCELONA SUC 44. WATT,Ps. Sant Antoni 16,41.37643033886,2.13693893461,Nearest same company,37,Correos,Carrefour,"Carrer de Sants, 303",41.3755549590707,2.12872402187357,692.32,True,False,33.33,33.33,44,,False,True,Possibly new,False
Barcelona,Barcelona,20,Correos Citypaq,BARCELONA SUC 6. SANT GERVASI,Car. Balmes 421,41.40817680037,2.13793640072,Nearest same company,7,Correos,Condis,"Carrer de Prats de Molló, 2",41.4014285000991,2.13682126345712,756.12,True,False,40.0,23.53,6,,False,True,Possibly new,False
Barcelona,Barcelona,15,Correos Citypaq,BARCELONA SUC 2. EL GUINARDÓ,Car. Pau Alsina 131,41.4121369561,2.16015706548,Nearest same company,55,Correos,Correos Barcelona Suc 32. Gracia,"Carrer Gran de Gràcia, 118",41.401636463491,2.15391275381462,1278.48,True,False,55.81,65.52,2,32,False,True,Possibly new,False
