Index_1,Index_2,ID_1,ID_2,Company_1,Company_2,Type_1,Type_2,Group_1,Group_2,Location_1,Location_2,Address_1,Address_2,Distance_m,Address_Similarity,Location_Similarity,Address_Numbers_Available,Same_Address_Number,Same_Company,Same_Type,Same_Group,Should_Cluster,Pair_Classification,Pair_Rule
5,174,6,175,InPost,Amazon,Locker,Locker,PUDO,PUDO,Dia C/ Juan Llorens,Lockers - Herbosa,"C. de Juan Llorens, 10","C/ de Joan Llorenç, 10, Extramurs",15.73,72.0,30.3,True,True,False,True,True,False,Manual review,"same group, weak text match, distance 15-30m"
42,634,43,635,InPost,Ctt Express,Convenience Stores,Convenience Stores,PUDO,PUDO,El Saloncito De Anna,Travel Grupo Logistico,"C/ Estrella, 15","C/ Estrella, 12",28.24,92.31,33.33,True,False,False,True,True,False,Manual review,"same group, weak text match, distance 15-30m"
49,98,50,99,InPost,Correos,Convenience Stores,Locker,PUDO,PUDO,Papeleria Mapamundi,Correos Valencia Suc 5. La SaãDia,"Av. de la Constitución, 136","Av. de la Constitución, 111",28.79,92.0,38.46,True,False,False,False,True,False,Manual review,"same group, weak text match, distance 15-30m"
51,540,52,541,InPost,Celeritas,Convenience Stores,Convenience Stores,PUDO,PUDO,Kiosco Acme,Papelería La Zaidía,"C/ del Padre Urbano, 37","C/ del Padre Urbano, 33",16.46,95.24,20.0,True,False,False,True,True,False,Manual review,"same group, weak text match, distance 15-30m"
51,649,52,650,InPost,Ctt Express,Convenience Stores,Convenience Stores,PUDO,PUDO,Kiosco Acme,Papelería La Zaidía,"C/ del Padre Urbano, 37","C/ del Padre Urbano, 33",17.58,95.24,20.0,True,False,False,True,True,False,Manual review,"same group, weak text match, distance 15-30m"
86,151,87,152,InPost,Amazon,Convenience Stores,Convenience Stores,PUDO,PUDO,Estanco Joaquin Costa,Seur - Karpet Papeleria Tecnica,"C. Joaquín Costa, 44","C. Joaquín Costa, 46",19.04,94.44,24.0,True,False,False,True,True,False,Manual review,"same group, weak text match, distance 15-30m"
86,772,87,773,InPost,Gls,Convenience Stores,Convenience Stores,PUDO,PUDO,Estanco Joaquin Costa,Ps Karpet Papeleria Tecnica,"C. Joaquín Costa, 44","C. Joaquín Costa, 46",19.78,94.44,25.0,True,False,False,True,True,False,Manual review,"same group, weak text match, distance 15-30m"
86,390,87,391,InPost,SEUR,Convenience Stores,Convenience Stores,PUDO,PUDO,Estanco Joaquin Costa,Karpet Papeleria Tecnica,"C. Joaquín Costa, 44","C. Joaquín Costa, 46",20.0,94.44,26.67,True,False,False,True,True,False,Manual review,"same group, weak text match, distance 15-30m"
98,652,99,653,Correos,Ctt Express,Locker,Convenience Stores,PUDO,PUDO,Correos Valencia Suc 5. La SaãDia,The Phone Outlet,"Av. de la Constitución, 111","C/ de Just Ramírez, 4",24.65,36.36,20.41,True,False,False,False,True,False,Manual review,"same group, weak text match, distance 15-30m"
98,473,99,474,Correos,Dhl,Locker,Convenience Stores,PUDO,PUDO,Correos Valencia Suc 5. La SaãDia,Papeleria Mapamundi,"Av. de la Constitución, 111","Av. de la Constitución, 136",26.81,92.0,34.62,True,False,False,False,True,False,Manual review,"same group, weak text match, distance 15-30m"
104,785,105,786,Correos,Gls,Lsp Pudos,Lsp Pudos,PUDO,PUDO,Correos Valencia Suc 6. Puerto,Ps Gls Puerto Valencia,"C. Dr. Juan José Dómine, 13","C. Dr. Juan José Dómine, 14",15.32,95.83,39.22,True,False,False,True,True,False,Manual review,"same group, weak text match, distance 15-30m"
106,785,107,786,Correos,Gls,Locker,Lsp Pudos,PUDO,PUDO,Correos Valencia Suc 6. Puerto,Ps Gls Puerto Valencia,"C. Dr. Juan José Dómine, 13","C. Dr. Juan José Dómine, 14",15.32,95.83,39.22,True,False,False,False,True,False,Manual review,"same group, weak text match, distance 15-30m"
118,181,119,182,Correos,Amazon,Locker,Convenience Stores,PUDO,PUDO,Supermercados Consum,Kalinopa,"Gran Vía de Fernando el Católico, 52-54","Gran Vía de Fernando el Católico, 56",29.05,93.15,14.29,True,False,False,False,True,False,Manual review,"same group, weak text match, distance 15-30m"
128,563,129,564,Correos,Celeritas,Locker,Convenience Stores,PUDO,PUDO,Correos Valencia Suc 12. Benimaclet,La Piñata,"Av. Primado Reig, 129","C/ de Jerónima Galés, 19",17.28,48.78,27.91,True,False,False,False,True,False,Manual review,"same group, weak text match, distance 15-30m"
128,689,129,690,Correos,Ctt Express,Locker,Convenience Stores,PUDO,PUDO,Correos Valencia Suc 12. Benimaclet,La Piñata,"Av. Primado Reig, 129","C/ de Jerónima Galés, 19",21.47,48.78,27.91,True,False,False,False,True,False,Manual review,"same group, weak text match, distance 15-30m"
128,253,129,254,Correos,Amazon,Locker,Convenience Stores,PUDO,PUDO,Correos Valencia Suc 12. Benimaclet,La Piñata,"Av. Primado Reig, 129","C/ de Jerónima Galés, 19",22.42,48.78,27.91,True,False,False,False,True,False,Manual review,"same group, weak text match, distance 15-30m"
129,563,130,564,Correos,Celeritas,Locker,Convenience Stores,PUDO,PUDO,Correos Valencia Suc 2. Patraix,La Piñata,"C/ de Jerónima Galés, 20","C/ de Jerónima Galés, 19",21.57,90.91,35.9,True,False,False,False,True,False,Manual review,"same group, weak text match, distance 15-30m"
129,689,130,690,Correos,Ctt Express,Locker,Convenience Stores,PUDO,PUDO,Correos Valencia Suc 2. Patraix,La Piñata,"C/ de Jerónima Galés, 20","C/ de Jerónima Galés, 19",21.71,90.91,35.9,True,False,False,False,True,False,Manual review,"same group, weak text match, distance 15-30m"
129,253,130,254,Correos,Amazon,Locker,Convenience Stores,PUDO,PUDO,Correos Valencia Suc 2. Patraix,La Piñata,"C/ de Jerónima Galés, 20","C/ de Jerónima Galés, 19",25.59,90.91,35.9,True,False,False,False,True,False,Manual review,"same group, weak text match, distance 15-30m"
130,347,131,348,Amazon,SEUR,Locker,Convenience Stores,PUDO,PUDO,Lockers Heranz,Herrajes Serra,"Av. de l'Oest, 19, Ciutat Vella","C. de la Linterna, 28",25.29,34.04,28.57,True,False,False,False,True,False,Manual review,"same group, weak text match, distance 15-30m"
130,133,131,134,Amazon,Amazon,Locker,Convenience Stores,PUDO,PUDO,Lockers Heranz,Seur - Herrajes Serra,"Av. de l'Oest, 19, Ciutat Vella","C. de la Linterna, 28",29.89,34.04,42.42,True,False,True,False,True,False,Manual review,"same group, weak text match, distance 15-30m"
131,861,132,862,Amazon,UPS,Convenience Stores,Convenience Stores,PUDO,PUDO,El Móvil Store,Store Bitbase Valencia Centro,"Av. del Oeste, 43","Calle del Músico Peydró, 52",22.21,43.9,23.26,True,False,False,True,True,False,Manual review,"same group, weak text match, distance 15-30m"
146,151,147,152,Amazon,Amazon,Convenience Stores,Convenience Stores,PUDO,PUDO,Estanco Joaquin Costa 44,Seur - Karpet Papeleria Tecnica,"C. Joaquín Costa, 44","C. Joaquín Costa, 46",19.73,94.44,22.64,True,False,True,True,True,False,Manual review,"same group, weak text match, distance 15-30m"
146,772,147,773,Amazon,Gls,Convenience Stores,Convenience Stores,PUDO,PUDO,Estanco Joaquin Costa 44,Ps Karpet Papeleria Tecnica,"C. Joaquín Costa, 44","C. Joaquín Costa, 46",20.5,94.44,23.53,True,False,False,True,True,False,Manual review,"same group, weak text match, distance 15-30m"
146,390,147,391,Amazon,SEUR,Convenience Stores,Convenience Stores,PUDO,PUDO,Estanco Joaquin Costa 44,Karpet Papeleria Tecnica,"C. Joaquín Costa, 44","C. Joaquín Costa, 46",20.52,94.44,25.0,True,False,False,True,True,False,Manual review,"same group, weak text match, distance 15-30m"
147,149,148,150,Amazon,Amazon,Convenience Stores,Convenience Stores,PUDO,PUDO,Nickname Store,Correos - València Suc 9. Joaquin Costa,"C. de Joaquín Costa, 37","C. de Joaquín Costa, 39",28.47,95.24,24.0,True,False,True,True,True,False,Manual review,"same group, weak text match, distance 15-30m"
147,148,148,149,Amazon,Amazon,Convenience Stores,Locker,PUDO,PUDO,Nickname Store,Citypaq Lockerss-Correos València Suc 9. Joaquin Co,"C. de Joaquín Costa, 37","C. de Joaquín Costa, 39",28.47,95.24,25.0,True,False,True,False,True,False,Manual review,"same group, weak text match, distance 15-30m"
151,524,152,525,Amazon,Celeritas,Convenience Stores,Convenience Stores,PUDO,PUDO,Seur - Karpet Papeleria Tecnica,Estanco Prensa C/ Joaquin Costa 44,"C. Joaquín Costa, 46","C. Joaquín Costa, 44",18.47,94.44,29.03,True,False,False,True,True,False,Manual review,"same group, weak text match, distance 15-30m"
151,610,152,611,Amazon,Ctt Express,Convenience Stores,Convenience Stores,PUDO,PUDO,Seur - Karpet Papeleria Tecnica,Estanco Prensa C/ Joaquin Costa 44,"C. Joaquín Costa, 46","C. Joaquín Costa, 44",21.65,94.44,29.03,True,False,False,True,True,False,Manual review,"same group, weak text match, distance 15-30m"
151,869,152,870,Amazon,UPS,Convenience Stores,Convenience Stores,PUDO,PUDO,Seur - Karpet Papeleria Tecnica,Fnx-Estanco Joaquin Costa 44,"C. Joaquín Costa, 46","C. Joaquín Costa, 44",23.45,94.44,21.05,True,False,False,True,True,False,Manual review,"same group, weak text match, distance 15-30m"
158,224,159,225,Amazon,Amazon,Convenience Stores,Locker,PUDO,PUDO,Seur - Ibertinta Valencia,Lockers - Fermin,PERIS Y VALERO 85,"C. de Cádiz, 98",22.72,26.67,21.62,True,False,True,False,True,False,Manual review,"same group, weak text match, distance 15-30m"
163,469,164,470,Amazon,Dhl,Locker,Convenience Stores,PUDO,PUDO,Lockers - Equipo,Kiosco Mariacabrandt Capritxsos,"C/ de Jeroni Munyós, s/n, Jesús","Carrer de Carcaixent, 12",27.12,31.37,22.22,False,False,False,False,True,False,Manual review,"same group, weak text match, distance 15-30m"
163,627,164,628,Amazon,Ctt Express,Locker,Convenience Stores,PUDO,PUDO,Lockers - Equipo,Mariacabrandt-Capritxos,"C/ de Jeroni Munyós, s/n, Jesús","Carrer de Carcaixent, 12",28.08,31.37,10.81,False,False,False,False,True,False,Manual review,"same group, weak text match, distance 15-30m"
169,447,170,448,Amazon,SEUR,Convenience Stores,Lsp Pudos,PUDO,PUDO,Correos - València Suc 7. San Vicente,Tienda SEUR,"C. San Vicente Mártir, 175","C/ de Sant Vicent Màrtir, 209",29.68,78.43,26.67,True,False,False,False,True,False,Manual review,"same group, weak text match, distance 15-30m"
186,459,187,460,Amazon,Dhl,Convenience Stores,Convenience Stores,PUDO,PUDO,Asim Fruta Y Alimentacion,Granujas Valencia,"C. de Calixto III, 16","C. de Calixto III, 18",24.17,94.74,42.86,True,False,False,True,True,False,Manual review,"same group, weak text match, distance 15-30m"
255,840,256,841,Amazon,Nacex,Convenience Stores,Convenience Stores,PUDO,PUDO,Kiosco Roma.,Kiosco Roma (4604-86),"C. Brasil, 45","Pl. Roma, 5",29.27,30.0,73.33,True,False,False,True,True,False,Manual review,"same group, weak text match, distance 15-30m"
272,273,273,274,Amazon,Amazon,Convenience Stores,Convenience Stores,PUDO,PUDO,Outlet Orriols,Economy Bazar,"C. San Juan Bosco, 77","C. San Juan Bosco, 73",16.7,94.74,22.22,True,False,True,True,True,False,Manual review,"same group, weak text match, distance 15-30m"
277,926,278,927,Amazon,UPS,Convenience Stores,Convenience Stores,PUDO,PUDO,Techone Computers,Outlet Destino 19,"C/ de Pedro Cabanes, 73","C/ de Pedro Cabanes, 86",26.02,90.48,29.41,True,False,False,True,True,False,Manual review,"same group, weak text match, distance 15-30m"
277,792,278,793,Amazon,Gls,Convenience Stores,Convenience Stores,PUDO,PUDO,Techone Computers,Ps Outlet Destino 19,"C/ de Pedro Cabanes, 73","C/ de Pedro Cabanes, 86",29.26,90.48,27.03,True,False,False,True,True,False,Manual review,"same group, weak text match, distance 15-30m"
277,278,278,279,Amazon,Amazon,Convenience Stores,Convenience Stores,PUDO,PUDO,Techone Computers,Seur - Oulet Destino 19,"C/ de Pedro Cabanes, 73",PEDRO CABANES 86,29.95,75.68,21.05,True,False,True,True,True,False,Manual review,"same group, weak text match, distance 15-30m"
278,715,279,716,Amazon,Ctt Express,Convenience Stores,Convenience Stores,PUDO,PUDO,Seur - Oulet Destino 19,Locutorio Nino,PEDRO CABANES 86,"C/ d'Alcanyís, 34",24.26,45.16,34.29,True,False,False,True,True,False,Manual review,"same group, weak text match, distance 15-30m"
321,323,322,324,Amazon,Amazon,Locker,Convenience Stores,PUDO,PUDO,Lockers - Triadu,Seur - Yo Te Quiero En Bici,"Av. de Francia, 8","Av. de Francia, 10",22.78,90.32,25.64,True,False,True,False,True,False,Manual review,"same group, weak text match, distance 15-30m"
339,767,340,768,Amazon,Ctt Express,Convenience Stores,Convenience Stores,PUDO,PUDO,Bambini Moda Infantil Y Mujer,Mg Movil Valencia 2023,"C. Campamento, 44","C. Campamento, 38",26.57,86.67,31.37,True,False,False,True,True,False,Manual review,"same group, weak text match, distance 15-30m"
339,340,340,341,Amazon,Amazon,Convenience Stores,Convenience Stores,PUDO,PUDO,Bambini Moda Infantil Y Mujer,Mg Movil Valencia 2023,"C. Campamento, 44","C. Campamento, 38",28.84,86.67,31.37,True,False,True,True,True,False,Manual review,"same group, weak text match, distance 15-30m"
340,807,341,808,Amazon,Gls,Convenience Stores,Convenience Stores,PUDO,PUDO,Mg Movil Valencia 2023,Ps Bambini Moda Infantil Y Mujer,"C. Campamento, 38",C / Campamento 44 bajo,23.17,74.29,29.63,True,False,False,True,True,False,Manual review,"same group, weak text match, distance 15-30m"
355,459,356,460,SEUR,Dhl,Convenience Stores,Convenience Stores,PUDO,PUDO,Asim Fruta Y Alimentacion,Granujas Valencia,"C. de Calixto III, 16","C. de Calixto III, 18",19.6,94.74,42.86,True,False,False,True,True,False,Manual review,"same group, weak text match, distance 15-30m"
374,375,375,376,SEUR,SEUR,Convenience Stores,Locker,PUDO,PUDO,Quiosco Cesar,Seur Lockers Lidl Valencia,"Gran Vía del Marqués del Turia, 54","Gran Vía del Marqués del Turia, 52",22.22,96.97,20.51,True,False,True,False,True,False,Manual review,"same group, weak text match, distance 15-30m"
390,524,391,525,SEUR,Celeritas,Convenience Stores,Convenience Stores,PUDO,PUDO,Karpet Papeleria Tecnica,Estanco Prensa C/ Joaquin Costa 44,"C. Joaquín Costa, 46","C. Joaquín Costa, 44",20.0,94.44,28.07,True,False,False,True,True,False,Manual review,"same group, weak text match, distance 15-30m"
390,610,391,611,SEUR,Ctt Express,Convenience Stores,Convenience Stores,PUDO,PUDO,Karpet Papeleria Tecnica,Estanco Prensa C/ Joaquin Costa 44,"C. Joaquín Costa, 46","C. Joaquín Costa, 44",22.9,94.44,28.07,True,False,False,True,True,False,Manual review,"same group, weak text match, distance 15-30m"
390,869,391,870,SEUR,UPS,Convenience Stores,Convenience Stores,PUDO,PUDO,Karpet Papeleria Tecnica,Fnx-Estanco Joaquin Costa 44,"C. Joaquín Costa, 46","C. Joaquín Costa, 44",23.34,94.44,15.38,True,False,False,True,True,False,Manual review,"same group, weak text match, distance 15-30m"
400,614,401,615,SEUR,Ctt Express,Locker,Convenience Stores,PUDO,PUDO,Seur Lockers Pcbox Valenci,Libreria Salamanca,"CL/SALAMANCA, No48","C. de Salamanca, 42",18.6,76.47,36.36,False,False,False,False,True,False,Manual review,"same group, weak text match, distance 15-30m"
406,612,407,613,SEUR,Ctt Express,Locker,Convenience Stores,PUDO,PUDO,Seur Lockers Lidl Peris,Phonehub,"Av. de Peris y Valero, 145","Av. de Peris y Valero, 143",26.55,95.83,12.9,True,False,False,False,True,False,Manual review,"same group, weak text match, distance 15-30m"
427,428,428,429,SEUR,SEUR,Locker,Convenience Stores,PUDO,PUDO,Seur Lockers Grupo Condor,Sia Euro Tec,"Av. de Amado Granell Mesado, 17","Av. de Amado Granell Mesado, 21",25.11,96.55,37.84,True,False,True,False,True,False,Manual review,"same group, weak text match, distance 15-30m"
436,712,437,713,SEUR,Ctt Express,Locker,Convenience Stores,PUDO,PUDO,Seur Lockers Grupo Condor,La Bodeguita Latina Expess,"C. Padre Viñas, 56","C. Padre Viñas, 58",15.61,93.75,23.53,True,False,False,False,True,False,Manual review,"same group, weak text match, distance 15-30m"
437,715,438,716,SEUR,Ctt Express,Convenience Stores,Convenience Stores,PUDO,PUDO,Oulet Destino 19,Locutorio Nino,"C/ de Pedro Cabanes, 86","C/ d'Alcanyís, 34",21.65,50.0,46.67,True,False,False,True,True,False,Manual review,"same group, weak text match, distance 15-30m"
449,675,450,676,SEUR,Ctt Express,Lsp Pudos,Convenience Stores,PUDO,PUDO,Centro Logístico SEUR,Droguería Paquetería Tarín,"C/ de l'Arxiduc Carles, 109","C. Virgen de la Cabeza, 60",24.86,53.06,25.53,True,False,False,False,True,False,Manual review,"same group, weak text match, distance 15-30m"
467,891,468,892,Dhl,UPS,Convenience Stores,Convenience Stores,PUDO,PUDO,Planta Loca,Fnx-Loterias Vimas,"C. Alboraya, 45","C. Alboraya, 48",26.69,92.31,34.48,True,False,False,True,True,False,Manual review,"same group, weak text match, distance 15-30m"
496,661,497,662,Dhl,Ctt Express,Convenience Stores,Convenience Stores,PUDO,PUDO,Expendeduria 164 Valencia,Drogueria Rafael,"C. del Stmo. Cristo del Grao, 3","C. del Stmo. Cristo del Grao, 4",15.2,96.43,34.15,True,False,False,True,True,False,Manual review,"same group, weak text match, distance 15-30m"
524,772,525,773,Celeritas,Gls,Convenience Stores,Convenience Stores,PUDO,PUDO,Estanco Prensa C/ Joaquin Costa 44,Ps Karpet Papeleria Tecnica,"C. Joaquín Costa, 44","C. Joaquín Costa, 46",19.08,94.44,30.0,True,False,False,True,True,False,Manual review,"same group, weak text match, distance 15-30m"
540,647,541,648,Celeritas,Ctt Express,Convenience Stores,Convenience Stores,PUDO,PUDO,Papelería La Zaidía,Kiosco Acme,"C/ del Padre Urbano, 33","C/ del Padre Urbano, 37",29.53,95.24,13.33,True,False,False,True,True,False,Manual review,"same group, weak text match, distance 15-30m"
541,649,542,650,Celeritas,Ctt Express,Convenience Stores,Convenience Stores,PUDO,PUDO,Kiosco Acme,Papelería La Zaidía,"C/ del Padre Urbano, 37","C/ del Padre Urbano, 33",27.19,95.24,20.0,True,False,False,True,True,False,Manual review,"same group, weak text match, distance 15-30m"
552,670,553,671,Celeritas,Ctt Express,Convenience Stores,Convenience Stores,PUDO,PUDO,Papeleria Gloria,Informatica Ramirez,"Carrer José María Mortes Lerma, 32","Carrer José María Mortes Lerma, 29",17.79,96.97,34.29,True,False,False,True,True,False,Manual review,"same group, weak text match, distance 15-30m"
552,553,553,554,Celeritas,Celeritas,Convenience Stores,Convenience Stores,PUDO,PUDO,Papeleria Gloria,Informatica Ramirez,"Carrer José María Mortes Lerma, 32","Carrer José María Mortes Lerma, 29",22.38,96.97,34.29,True,False,True,True,True,False,Manual review,"same group, weak text match, distance 15-30m"
553,671,554,672,Celeritas,Ctt Express,Convenience Stores,Convenience Stores,PUDO,PUDO,Informatica Ramirez,Papeleria Gloria,"Carrer José María Mortes Lerma, 29","Carrer José María Mortes Lerma, 32",23.69,96.97,22.86,True,False,False,True,True,False,Manual review,"same group, weak text match, distance 15-30m"
564,840,565,841,Celeritas,Nacex,Convenience Stores,Convenience Stores,PUDO,PUDO,Kiosco Roma,Kiosco Roma (4604-86),"C. Brasil, 45","Pl. Roma, 5",16.15,30.0,73.33,True,False,False,True,True,False,Manual review,"same group, weak text match, distance 15-30m"
610,772,611,773,Ctt Express,Gls,Convenience Stores,Convenience Stores,PUDO,PUDO,Estanco Prensa C/ Joaquin Costa 44,Ps Karpet Papeleria Tecnica,"C. Joaquín Costa, 44","C. Joaquín Costa, 46",22.31,94.44,30.0,True,False,False,True,True,False,Manual review,"same group, weak text match, distance 15-30m"
612,951,613,952,Ctt Express,Pudo,Convenience Stores,Click&Collect,PUDO,PUDO,Phonehub,Lidl Peris I Valero,"Av. de Peris y Valero, 143","Av. de Peris y Valero, 145",16.44,95.83,14.81,True,False,False,False,True,False,Manual review,"same group, weak text match, distance 15-30m"
614,964,615,965,Ctt Express,Pudo,Convenience Stores,Click&Collect,PUDO,PUDO,Libreria Salamanca,Pcbox Valencia (Salamanca),"C. de Salamanca, 42","C. de Salamanca, 48",27.26,94.12,66.67,True,False,False,False,True,False,Manual review,"same group, weak text match, distance 15-30m"
647,649,648,650,Ctt Express,Ctt Express,Convenience Stores,Convenience Stores,PUDO,PUDO,Kiosco Acme,Papelería La Zaidía,"C/ del Padre Urbano, 37","C/ del Padre Urbano, 33",25.84,95.24,20.0,True,False,True,True,True,False,Manual review,"same group, weak text match, distance 15-30m"
649,834,650,835,Ctt Express,Nacex,Convenience Stores,Convenience Stores,PUDO,PUDO,Papelería La Zaidía,Kiosco Acme (4601-44),"C/ del Padre Urbano, 33","C/ del Padre Urbano, 37",27.87,95.24,21.05,True,False,False,True,True,False,Manual review,"same group, weak text match, distance 15-30m"
670,671,671,672,Ctt Express,Ctt Express,Convenience Stores,Convenience Stores,PUDO,PUDO,Informatica Ramirez,Papeleria Gloria,"Carrer José María Mortes Lerma, 29","Carrer José María Mortes Lerma, 32",19.42,96.97,22.86,True,False,True,True,True,False,Manual review,"same group, weak text match, distance 15-30m"
682,859,683,860,Ctt Express,Nacex,Convenience Stores,Lsp Pudos,PUDO,PUDO,Papeleria Enysa,NACEX,"Carrer de Quartell, 4","C/ de la Serra d'Agullent, 23",23.91,38.3,20.0,True,False,False,False,True,False,Manual review,"same group, weak text match, distance 15-30m"
703,840,704,841,Ctt Express,Nacex,Convenience Stores,Convenience Stores,PUDO,PUDO,Kiosco Roma,Kiosco Roma (4604-86),"C. Brasil, 45","Pl. Roma, 5",15.09,30.0,73.33,True,False,False,True,True,False,Manual review,"same group, weak text match, distance 15-30m"
715,792,716,793,Ctt Express,Gls,Convenience Stores,Convenience Stores,PUDO,PUDO,Locutorio Nino,Ps Outlet Destino 19,"C/ d'Alcanyís, 34","C/ de Pedro Cabanes, 86",23.88,50.0,41.18,True,False,False,True,True,False,Manual review,"same group, weak text match, distance 15-30m"
715,926,716,927,Ctt Express,UPS,Convenience Stores,Convenience Stores,PUDO,PUDO,Locutorio Nino,Outlet Destino 19,"C/ d'Alcanyís, 34","C/ de Pedro Cabanes, 86",27.27,50.0,45.16,True,False,False,True,True,False,Manual review,"same group, weak text match, distance 15-30m"
767,807,768,808,Ctt Express,Gls,Convenience Stores,Convenience Stores,PUDO,PUDO,Mg Movil Valencia 2023,Ps Bambini Moda Infantil Y Mujer,"C. Campamento, 38",C / Campamento 44 bajo,19.85,74.29,29.63,True,False,False,True,True,False,Manual review,"same group, weak text match, distance 15-30m"
772,869,773,870,Gls,UPS,Convenience Stores,Convenience Stores,PUDO,PUDO,Ps Karpet Papeleria Tecnica,Fnx-Estanco Joaquin Costa 44,"C. Joaquín Costa, 46","C. Joaquín Costa, 44",24.38,94.44,21.82,True,False,False,True,True,False,Manual review,"same group, weak text match, distance 15-30m"
830,859,831,860,Nacex,Nacex,Convenience Stores,Lsp Pudos,PUDO,PUDO,Papelería Enysa (4601-39),NACEX,"Carrer Cuartell, 4","C/ de la Serra d'Agullent, 23",23.22,40.91,14.29,True,False,True,False,True,False,Manual review,"same group, weak text match, distance 15-30m"
836,885,837,886,Nacex,UPS,Convenience Stores,Locker,PUDO,PUDO,Mobile Valencia (4601-46),Lidl Cl Sagunto Vlc,"C. de Sagunto, 103","C. de Sagunto, 118",25.1,87.5,23.81,True,False,False,False,True,False,Manual review,"same group, weak text match, distance 15-30m"
891,892,892,893,UPS,UPS,Convenience Stores,Convenience Stores,PUDO,PUDO,Fnx-Loterias Vimas,Planta Loca Shop,"C. Alboraya, 48","C. Alboraya, 45",26.22,92.31,35.29,True,False,True,True,True,False,Manual review,"same group, weak text match, distance 15-30m"
